ticket_id,oficina,descripcion,fecha_creacion,estado_maestro,Work Order,target_sla
SIN_TICKET,Palma ,Toda la luminaria exterior y Focos sobre cajero fundido,1905-07-10 00:00:00,Cerrado,,0
SR5437356,Viriato,Reparación humedad/ gotera techo primera planta (zona de atención),2021-11-03 00:00:00,Cerrado,,0
SR5469592 - SR5599667,Diagonal,Cristales rotos dos ascensores,2021-11-14 00:00:00,Cerrado,,0
SR5332293,Acacias,Cambio equipo de luces Acacias: Techo y luces del PAD,2021-12-12 00:00:00,Cerrado,,0
687821,Granada,Aún no se ha reparado rótulos de fachada y luz interior naranja.,2022-01-07 07:30:00,Cerrado,,0
SR5586370,Salamanca,La puerta del Rack está caida y la de los vestuarios de las chicas,2022-01-20 00:00:00,Cerrado,,0
SR5581091,Las Palmas,Soporte exterior publicidad roto,2022-01-25 00:00:00,Cerrado,,0
SR5601084,Valladolid,Colocación de luminarias de emergencia y tapar rotos en pladur y pintar por casí todas las paredes de la oficina,2022-01-28 00:00:00,Cerrado,,0
SR5601319,Sabadell,Revisión flujos de la climatización de la oficina,2022-01-28 00:00:00,Cerrado,,0
SR5599676,Diagonal,ARREGLO MANDO APERTURA PUERTA SEGURIDAD,2022-02-01 00:00:00,Cerrado,,0
SR5606925,Zaragoza,"Canaleta cubre tubos calefacción, se ha descolgado por el aire, reponerla y revisar todas",2022-02-01 00:00:00,Cerrado,,0
SR5608133,Alicante,Cambiar lona del suelo ATMS,2022-02-02 00:00:00,Cerrado,,0
SR5620289,Zaragoza,Arreglo baldosa zona exterior fachada-bordillo suelo,2022-02-08 00:00:00,Cerrado,,0
SR5657930,Oviedo,FILTRACIONES URINARIO MASCULINO (BAÑO MINUSVÁLIDOS),2022-02-25 00:00:00,Cerrado,,0
SR5657957,Oviedo,ROTURA GRIFO BAÑO MINUSVÁLIDOS,2022-02-25 00:00:00,Cerrado,,0
SR5657966,Oviedo,ROTURA CERRADURA TAQUILLA,2022-02-25 00:00:00,Cerrado,,0
SR5658062,Oviedo,SUSTITUCIÓN BACKLIGHT EXTERIOR (ROTURA COMPLETA),2022-02-25 00:00:00,Cerrado,,0
724567,Viriato,Por incidente necesitamos cambiar aleta lateral  derecha (vista de frente al realizar operación) del cajero bidual (retiradas/ingresos) interior de la oficina de Santa Engracia nº 1465 0200 12 Adjuntamos foto adjunta. gracias,2022-03-26 20:57:00,Cerrado,,0
764803,Coruña,Disponer de sistema de medición de humedad,2022-06-01 09:49:00,Cerrado,,0
767994,Valladolid,"En la oficina regularmente hay muy malos olores,",2022-06-06 02:00:00,Cerrado,,0
772821,Valladolid,"En el muro corporativo interior se encuentra apagado, no hay luces blancas ni naranjas tampoco. 
En la parte exterior de la oficinas hay unas luces que creo tienen un programador, ahora mismo se encienden a las 18h, retrasar el horario",2022-06-10 08:04:00,Cerrado,,0
777899,Valladolid,Hay un foco que está suspendido en el techo y que ilumina una mesa de gestor. Sustituir bombilla,2022-06-17 11:06:30,Cerrado,,0
779041,Tenerife,FILTRACION DE AGUA DESDE CRISTAL EXTERIOR DE SALA DE REUNIONES QUE ESTA AFECTANDO A PLADUR. CREEMOS QUE SE NECESITA REPASAR SELLADO DE CRISTAL,2022-06-21 22:00:00,Cerrado,,0
784204,Murcia,Incrementará el nivel de iluminación en la zona de despacho responsable hasta alcanzar los 500 lux,2022-06-26 05:29:00,Cerrado,,0
624691,Cádiz,AVISO DE LUMINARIA FUNDIDA,2022-07-18 09:00:00,Cerrado,,0
SR6011671,Tenerife,La puerta queda abierta debido a que hay que reemplazar el brazo de cierre. Effiage  confirmo reemplazo del brazo de cierre ya que el actual no se puede reparar.,2022-08-10 00:00:00,Cerrado,,0
833465,Costa Rica,"EL WC DE EMPLEADOS DE LA OFICIAN DE COSTA RICA NO DEJAR DE ECHAR AGUA, YA HAN INTENTADO EN VARIAS OCASIONES ARREGLARLO Y NADA, SE VUELVE A ROMPER. EN ESTE CASO HABRÍA QUE CAMBIAR EL SANITARIO COMPLETO. GRACIAS",2022-08-19 20:52:00,Cerrado,,0
835570,Oviedo,"El aire acondicionado de la parte de detrás de la oficina no funciona correctamente, se desconecta. Tampoco existe la posibilidad de ver la temperatura que tenemos en la oficina, el termostato indica a la temperatura que sale el aire, por favor revisar.",2022-08-24 06:07:00,Cerrado,,0
849590,Coruña,"La puerta de acceso a la oficina hace ruido al abrir y cerrar, parece que se ha desajustado. Necestiamos revision",2022-09-09 08:33:00,Cerrado,,0
SR6092326,Valencia,PETICIÓN REVISIÓN TOMA LUZ SAI,2022-09-20 00:00:00,Cerrado,,0
SR6096922,O'donell,Botón cisterna roto,2022-09-21 00:00:00,Cerrado,,0
868336,Gijón,"Buenos días, necesitamos que nos coloquen unos vinilos de control solar en la salar de reuniones de la planta 1, ya que aunque tengamos los estores bajados, nos deslumbra el sol en el monitor. Gracias",2022-09-29 03:57:00,Cerrado,,0
874166,Diagonal,Las luces del ascensor están fundidas,2022-10-05 01:52:52,Cerrado,,0
873074,Málaga,tenemos 30 bombillas fundidas en el habitáculo del cajero externo. necesitamos recambios.,2022-10-05 04:46:52,Cerrado,,0
877004,Meridiana,"SUSTITUIR PEGATINA DE PRIVACIDAD DE CRISTAL EN EL QUE ESTÁ INSTALADO EL CAJERO EXTERIOR, YA QUE ESTÁ ROTA Y UN POCO DESPEGADA POR LA PARTE INFERIOR PROXIMA AL CONTORNO DEL CAJERO",2022-10-10 01:00:00,Cerrado,,0
877210,Móstoles,el cajero 12 tiene una chapa que roza al cerrar el cajero. Necesitamos rebajar un poco la chapa cortándola.,2022-10-10 02:00:00,Cerrado,,0
877201,Móstoles,TENEMOS LOS SOPORTES PARA CARTELERIA MARKETING QUE DAN AL EXTERIOR E INTERIOR DETERIORADOS. HAY QUE TRAER UN RESPUESTO Y CAMBIARLO.,2022-10-12 05:00:00,Cerrado,,0
879361,Cádiz,NECESITAMOS NOS CAMBIEN EL MOSTRADOR NARANJA QUE TIENEN LOS 4 CAJEROS INTERNOS,2022-10-14 02:00:00,Cerrado,,0
885388,Zaragoza,"Buenos días, dos de los backlights externos, no lucen, al parecer hay un cable que no hace conexión.  Tenemos foto si necesitan que la enviemos. Gracias.",2022-10-18 10:48:31,Cerrado,,0
894121,Vigo,"Notificado por Anticimex:
Deficiencia: Huecos en pared de baño que accede a cables y tuberías.
Medida correctora: Sellar y tapar",2022-10-27 04:31:12,Cerrado,,0
895883,Móstoles,el freno de la puerta de entrada no funciona correctamente y la puerta cierra sin freno provocando mucho ruido y corre el riesgo de romperse el cristal de la puerta. LAs visagras estan derramando una especie de aceite. Necesitamos que se revise urgente,2022-10-27 22:01:15,Cerrado,,0
896961,Las Palmas,CENTRAL INCENDIOS AVERIA DESDE HACE UNA SEMANA. NO VIENE TECNICO. ESTA CONECTADA A ALGUN CENTRO DE CONTROL?. POR QUÉ NO SE GESTIONAN AVISOS?,2022-10-30 02:30:00,Cerrado,,0
899022,O'donell,"Buenos dias, tenemos una pequeña gotera o fuga de agua encima de la turnomatic maquina",2022-10-31 18:41:45,Cerrado,,0
900735,Zaragoza,Deficiencia notificada por Anticimex: Huecos en salita dentro baños hombres - Medida correctora: Sellar,2022-11-03 00:00:00,Cerrado,,0
900737,Zaragoza,"Deficiencia - Notificada por Anticimex: Falta burlete 
Medida correctora: Instalación burlete",2022-11-03 00:00:00,Cerrado,,0
903278,Zaragoza,"Tenemos dos pintadas, una en la fachada principal y otra en la puerta trasera de la oficina. Solicitamos servicio de limpieza. Muchas gracias. Adjuntamos fotos.",2022-11-06 00:00:00,Cerrado,,0
905133,Palma ,"Cada mañana tenemos problemas con la centralita de incendios, no salta la alarma sonora pero si el aviso en la centraliza y no sucede nada. Necesitamos revisión",2022-11-08 00:00:00,Cerrado,,0
905467,Bilbao,"Tenemos una plaga de moscardones en la oficina. Avisad con urgencia. Hemos matado a todos, pero siguen saliendo.",2022-11-09 00:00:00,Cerrado,,0
907885,Acacias,"REVISAR Y CAMBIAR LUCES FUNDIDAS EN ZONA DE CLIENTES, PLANTA DE ARRIBA Y SALA DE REUNIONES.",2022-11-10 00:00:00,Cerrado,,0
909261,Valencia,Tienen una TV en planta alta que no tiene red. Ha estado un técnico y ha revisado que el cableado interno de la oficina no está correcto. Necesitamos que sea revisado para que la TV vuelva a estar operativa.,2022-11-11 00:00:00,Cerrado,,0
912301,Sevilla,SUSTITUIR 2 BACKLIGHTS QUE ESTÁN ROTOS Y EL METRACRILATO HA CEDIDO.,2022-11-15 00:00:00,Cerrado,,0
914148,Acacias,GOTERA EN EL BAÑO DE CHICAS. REVISAR EL ORIGEN DE LA FUGA Y ARREGLAR SI ES POSIBLE.,2022-11-16 00:00:00,Cerrado,,0
914511,Oviedo,"Debido al cambio de hora, necesitamos que se ajuste hilo musical y hora de los rótulos exteriores. POR FAVOR, PARA EL MANTENIMIENTO NO CONTACTAR CON EIFFAGE, SINO CON LA NUEVA EMPRESA CLIMAELECPROYECTOS.",2022-11-18 00:00:00,Cerrado,,0
914480,Las Palmas,NECESITAMOS REPARAR LAS GRIETAS DE LA FACHADA Y NECESITAMOS LIMPIAR CON AGUA A PRESION CON KARCHER LA FACHADA DE SUCIEDAD Y ORINES.,2022-11-18 00:00:00,Cerrado,,0
915125,Granada,"Encima de los cajeros interiores de la oficina de Granada las dos luces no funcionan, uno tiene bombilla y otra no.",2022-11-18 00:00:00,Cerrado,,0
915130,Granada,"4 blacklights exteriores están muy deteriorados y nos cuesta poner en ellos la publicidad que habitualmente nos manda el banco, incluso en uno de ellos no podemos ponerla pq está partido totalmente.",2022-11-18 00:00:00,Cerrado,,0
915133,Granada,Está arreglando el ayuntamiento de Granada toda la acera de alrededor de la oficina. Y al levantar al acera donde está el escalón de la puerta principal de entrada han partido piedra de la entrada. Se necesita reparación lo antes posible,2022-11-18 00:00:00,Cerrado,,0
915150,Granada,Cambiaron un armario que se había roto y hay que pintar pared que está en un color distinto al de la oficina,2022-11-18 00:00:00,Cerrado,,0
915152,Granada,"Se estropearon 2 sillas hace tiempo, trajeron las nuevas pero no se llevaron las antiguas que están estropeadas. Por favor, solicitamos retirada",2022-11-18 00:00:00,Cerrado,,0
915121,Granada,El conducto del A/A de la sala principial de la oficina de Granada donde atendemos a los clientes está partida.,2022-11-19 00:00:00,Cerrado,,0
914509,Oviedo,"LA CISTERNA DEL BAÑO DE MINUSVÁLIDOS NO FUNCIONA CORRECTAMENTE. POR FAVOR, PARA EL MANTENIMIENTO NO CONTACTAR CON EIFFAGE, SINO CON LA NUEVA EMPRESA CLIMAELECPROYECTOS.",2022-11-19 00:00:00,Cerrado,,0
916107,Córdoba,CARTELES DE PUBLICIDAD (BACKLIGHTS) DESTENSADOS O SUJECIONES SUELTAS.,2022-11-20 00:00:00,Cerrado,,0
916110,Córdoba,CARTEL DEL PULSADO DE ALARMA DESPEGADO. REVISAR CARTELERÍA Y VOLVER A FIJAR LOS QUE SE ENCUENTREN SUELTOS.,2022-11-20 00:00:00,Cerrado,,0
916114,Córdoba,REVISAR PUERTA DEL VESTUARIO. CONCRETAR SI ES POSIBLE REPARACIÓN O ES NECESARIO CAMBIAR LA PUERTA.,2022-11-20 00:00:00,Cerrado,,0
916119,Córdoba,COMPROBAR SI PERSISTE EL OLOR PROVINENTE DE LAS ARQUETAS. EN CASO AFIRMATIVO CONSTATAR EL ORIGEN PARA SUBSANACIÓN.,2022-11-20 00:00:00,Cerrado,,0
916121,Córdoba,REVISAR VISAGRAS DE LA PUERTA PRINCIPAL. APARENTE EXCESO DE GRASA.,2022-11-20 00:00:00,Cerrado,,0
916127,Gijón,"Buenos días, necesitamos que nos ajusten los rótulos y el hilo musical, por el cambio horario y que cambien una luz que está fundida de la planta 1. Gracias",2022-11-20 00:00:00,Cerrado,,0
916129,Córdoba,COLOCAR EMBELLECEDOR EN LA INSTALACIÓN DEL ESTOR Y SUBIR EL CABLE AL TECHO.,2022-11-20 00:00:00,Cerrado,,0
916203,Málaga,RECOLOCAR EL CRISTAL NARANJA DE LA PARED CERCANA AL ESCAPARTE.,2022-11-21 00:00:00,Cerrado,,0
916206,Málaga,REVISAR Y SUSTITUIR LOS APLIQUES FUNDIDOS.,2022-11-21 00:00:00,Cerrado,,0
916210,Málaga,SUSTITUIR CRISTAL Y DEJAR OPERATIVO PULSADOR DE ALARMA DE INCENDIOS.,2022-11-21 00:00:00,Cerrado,,0
916212,Málaga,SUSTITUCIÓN DE LUMINARIA MODELO ERCO QUE ESTÁ FUNDIDA.,2022-11-21 00:00:00,Cerrado,,0
916213,Málaga,SUSTITUCIÓN PLACA DE TECHO ENCIMA DEL SPLIT QUE ESTÁ DOBLADA.,2022-11-21 00:00:00,Cerrado,,0
916217,Málaga,AÑADIR FILTRINA PARA CUARTO TÉCNICO,2022-11-21 00:00:00,Cerrado,,0
917939,Sabadell,"La central de incendios ha estado marcando reiteradas veces avería con el mensaje ""aspiración falso techo"" (o algo parecido) dando señal luminosa y acústica. Se ha reseteado un par de veces pero ha vuelto a salir la señal. Necesitamos que se revise.",2022-11-21 00:00:00,Cerrado,,0
915204,Cádiz,TENEMOS EL DISPOSITIVO PARA ABRIR LA PUERTA CON LOS CABLES POR FUERA Y FALLA  MUCHAS VECES,2022-11-23 00:00:00,Cerrado,,0
919277,Móstoles,el vecino del garaje nos indica que le esta cayendo agua desde el techo y que es por nuestra maquina de climatización. Ya hemos tenido otras incidencias al respecto. el vecino es Juan ROmero telefono 649150788 por favor poneros en contacto con el.,2022-11-23 00:00:00,Cerrado,,0
918683,Gijón,En la última revisión nos habían comentado que nos tenían que cambiar la máquina de condensación para eliminar olor a humedad en sala de reuniones. Nos han confirmado que el ppto estaba aprobado y nos urge.,2022-11-24 00:00:00,Cerrado,,0
917789,Diagonal,La puerta de acceso a la oficina  se atasca al cerrarse y luego no se puede abrir. Ya vino un técnico a mirarla pero para solucionarlo habría que cambiar el muelle de la puerta.,2022-11-24 00:00:00,Cerrado,,0
919065,Costa Rica,"Instalacion de regleta de enchufes adicional en el rack 10B 
En ese rack hay equipos criticos por loque tener cuidado con la instalacion.
Al termino avisar a Mª Jose Santiago o Gerardo Paz",2022-11-24 00:00:00,Cerrado,,0
919248,Acacias,"Buenos días, necesitamos que hagáis tres copias de llave tubular para la oficina de Acacias",2022-11-24 00:00:00,Cerrado,,0
920008,Móstoles,se ha roto el sistema de frenado de la puerta de acceso a la oficina. esta mañana lo han revisado pero se ha vuelto a romper. necesitamos que vengas a revisarlo.,2022-11-24 00:00:00,Cerrado,,0
920050,Sevilla,REVISIÓN DE ILUIMACIÓN Y SUSTITUCIÓN DE LUMINARIAS INOPERATIVAS.,2022-11-24 00:00:00,Cerrado,,0
920058,O'donell,Nueva fuga de agua en oficina. Requiere atención urgente.,2022-11-24 00:00:00,Cerrado,,0
919330,O'donell,"Necesito vigilante de seguridad este viernes 25/11 desde las 14.00h hasta las 00.00h. Trabajos de retirada de andamio, albañilería, carpintería y cerrajería.",2022-11-25 00:00:00,Cerrado,,0
920711,Móstoles,"AYER HUBO FUGA DEL SANITRIL DE LA PILA DE LA COCINA. EN LA SALA DE ELECTRICIDAD HAY SALTADA UNA LLAVE, QUE NO SE PUEDE ARMAR DE NUEVO. NO SABEMOS SI PUEDE HABER RELACIÓN DE AMBAS COSAS. GRACIAS",2022-11-25 00:00:00,Cerrado,,0
920768,Diagonal,"Servicio de vigilante lunes 28/11 de 19:30 (horario cierre diagonal) hasta martes 29/11 08:00 (horario de apertura diagonal)
Cambio Central Galaxy",2022-11-25 00:00:00,Cerrado,,0
931037,Viriato,"EL AIRE ACONDICIONADO / CALEFACCION NO FUNCIONA, SE APAGA Y PRESENTA ERROR EN VARIAS UNIDADES . NECESITAMOS PODER ARREGLARLO. GRACIAS",2022-12-13 00:00:00,Cerrado,,0
933881,Sabadell,La comunidad de propietarios en que se ubica el local de la oficina se ha quejado del ruido de las máquinas de climatización que hay en la azotea. Se solicita revisar y tomar medidas para evitar ruido.,2022-12-14 00:00:00,Cerrado,,0
934722,Granada,"URGENTE: La puerta de entrada de los clientes está descolgada, y no cierra y abre bien. URGE ARREGLO",2022-12-15 00:00:00,Cerrado,,0
934747,Granada,Urge arreglo interruptor pq es el que enciende y apaga luces de toda la oficina,2022-12-15 00:00:00,Cerrado,,0
935373,Diagonal,"Ayer estuvo el técnico para solucionar el tema de la calefaccin de la planta -1, que se apagaba al poco rato de encenderla y hoy al intentar encenderla no funciona.",2022-12-15 00:00:00,Cerrado,,0
934721,Granada,"Se perdieron llaves de la oficina, tanto de la puerta delantera como trasera. Después de muchísimos mails cambiaron bombines puerta delantera, PERO LLEVAMOS MEDIO AÑO PIDIENDO POR SEGURIDAD QUE SE CAMBIE BOMBÍN DE LA PUERTA TRASERA. NO HA LLEGADO TODAVIA",2022-12-16 00:00:00,Cerrado,,0
938602,Acacias,"BUENOS DIAS,  NECESITAMOS QUE CAMBIEIS LA BOMBILLA DEL FOCO QUE HAY EN UNO DE LOS PUESTOS PAD( ALTOS) DE LA PLANTA BAJA. LA VERÉIS APAGADA PORQUE UN TÉCNICO DE CBRE QUE HA VENIDO LA HA APAGADO YA QUE PARPADEABA. REVISAR TAMBIÉN EL RESTO DE LUMINARIAS.",2022-12-20 13:22:17,Cerrado,,0
938473,Oviedo,"Buenas, tenemos un problema con el aire acondicionado de la oficina de Oviedo. La parte de atrás de la oficina no funciona (el termostato no enciende). La zona de delante aunque pongamos frio, el aire sale con calor. Gracias.",2022-12-21 00:00:00,Cerrado,,0
938537,Tenerife,SOLICITUD CAMBIO DE LUMINARIA FUNDIDA,2022-12-21 00:00:00,Cerrado,,0
938539,Tenerife,PERDIDA DE AGUA EN LAVABO DE BAÑO Y REEMPLAZO DE TAPA DE INODORO QUE ESTA ROTA,2022-12-21 00:00:00,Cerrado,,0
938541,Tenerife,REEMPLAZO DE MOTOR DE EXTRACTOR DE AIRE YA QUE TIENE RODAMIENTO O EJE DESCOMPENSADO,2022-12-21 00:00:00,Cerrado,,0
938545,Tenerife,Recolocar brazo de cierre de puertas de archivo y vestuario,2022-12-21 00:00:00,Cerrado,,0
940215,Móstoles,"Se está saliendo agua en el baño de caballeros. El suelo está mojado, y parece que es del lavabo.",2022-12-22 17:41:06,Cerrado,,0
916118,Vigo,"Buenos días, tenemos boton atascado del vater de la planta de arriba, ademas en el baño esta roto el dispensador de gel y pierde el desagüe del lavabo. Un saludo",2022-11-20 00:00:00,Cerrado,,0
943273,Vigo ,"Tenemos roto el sistema de pulsador del WC del baño de empleados, no se puede reparar debe sustituirse, un saludo",2022-12-29 07:57:00,Cerrado,,0
947728,Diagonal,la cadena del wc izquierdo del vestuario de mujeres de la planta -2 no funciona,2023-01-05 02:46:00,Cerrado,,0
946230,Diagonal,"Aviso Anticimex 13/10/2022
Deficiencia: En planta -2 se observa columna donde hay un bajante que hay agujeros favoreciendo entrada de cucarachas 
Medida correctora: Sellar zonas",2023-01-09 06:26:00,Cerrado,,0
952667,Valladolid,"el sensor de encendido y apagado del baño de chicos falla. Se queda encendido permanentemente. El sensor que falla es donde está el WC, el del baño general funciona bien.",2023-01-13 04:34:34,Cerrado,,0
952515,Cádiz,"necesitamos se haga un mantenimiento del felpudo de entrada, que lo limpien y lo vuelvan a pegar, es bastante urgente ya que puede ocasionar caídas de clientes.",2023-01-13 09:49:53,Cerrado,,0
961942,Gijón,"Hola, nos aparece Defrost en el aire acondicionado y parpadea. Además continuamos con mal olor en la sala y tenemos diferencias considerables entre la temperatura de la planta 0 y 1. Necesitamos que se revise por favor todo el sistema del aire. Gracias",2023-01-27 00:00:00,Cerrado,,0
961943,Gijón,"Hemos reportado en varias ocasiones que tenemos dos luces fundidas en la planta 1. Además, se ha caído un embellecedor de uno de los plafones de luz de la planta 1 y hay que colocar una arandela de una de las puertas de la primera planta. Gracias",2023-01-27 00:00:00,Cerrado,,0
963236,Valencia,"PTE. SUSTITUIR 2 TUBOS TL5 54W en espejo baños chicos.

PTE. SUSTITUIR 5 balizas en escalones de escalera.

PTE. SUSTITUIR 2 HALOGENUROS 150W pilares

PTE. SUSTITUIR EMERGENCIA Daisalux Argos M LD N2 en aseo chicas.",2023-01-27 00:00:00,Cerrado,,0
963269,Diagonal,Seguimos con el ascensor derecho fuera de servicio. Desde el día 5 de diciembre y hasta el momento nada. Por favor necesitamos una solución de forma urgente,2023-01-27 00:00:00,Cerrado,,0
964683,Diagonal,"Poner orden y cambiar cableado/ordenar cableado deteriorado de planta 0, puesto de recepción",2023-01-30 00:00:00,Cerrado,,0
964685,Móstoles,se ha caido un estor al suelo desprendiéndose de la pared todo el mecanismo de sujeción del mismo. Necesitamos que venga a arreglarlo.,2023-01-30 00:00:00,Cerrado,,0
960567,Bilbao,El conserje del edificio de la oficina de Bilbao nos ha pedido que demos parte al seguro del banco ya que hay un trastero al que puede que le estemos causando humedad nosotros. Para comprobar de donde viene la humedad.,2023-02-03 00:00:00,Cerrado,,0
966924,Las Palmas,TENEMOS DOS ROTULOS DE LA FACHA PRINCIPAL DE LA MARCA ING ROTOS. CUANDO SE ILUMINAN DE NOCHE LA MITAD ES COLOR NARANJA LA OTRA BLANCOS. HAY QUE REPONER LA PEGATINA QUE TENIA YA QUE EL SOL LA HA LEVANTADO.,2023-02-03 00:00:00,Cerrado,,0
967141,Valencia,"Hay un trozo de rodapié al principio de la escalera hacia el piso 1 despegado del lateral, por favor necesitamos se repare. Gracias.",2023-02-03 00:00:00,Cerrado,,0
967176,Acacias,"TUVIMOS UN ATASCO EL BAÑO DE CLIENTES ESTA SEMANA, YA NOS HA PASADO MÁS VECES, HEMOS CERRADO LA LLAVE DE PASO, CUANDO TIRAMOS DE LA CISTERNA EL RUIDO ES DIFERENTE. PODEIS VENIR A REVISARLO POR  FAVOR? GRACIAS",2023-02-03 00:00:00,Cerrado,,0
967545,Diagonal,Varias luces fundidas en planta 1,2023-02-03 00:00:00,Cerrado,,0
970205,Valencia,Repasar incidencias en la oficina de Valencia. Revisar los backlights (cartelería de anuncios) tensionando los cables y revisando los transformadores y también los elementos de fontanería así como algún remate. Fotos adjuntas.,2023-02-07 00:00:00,Cerrado,,0
970333,Valencia,No nos funciona. Parece problema con el cierre de alguna puerta. Saludos.,2023-02-07 00:00:00,Cerrado,,0
973281,Sabadell,"URGENTE. Uno de los anclajes del panel-puerta de madera que oculta los cajeros de la oficina de sabadell se ha soltado, por lo que la puerta está desencajada y no funciona bien pero, además corre riesgo de caer sobre los clientes que esperan.",2023-02-10 00:00:00,Cerrado,,0
973287,Oviedo,"BUENAS, LA PUERTA DE LA ENTRADA NO CIERRA CORRECTAMENTE, POR FAVOR QUE VENGAN A REVISARLA PARA AJUSTAR LAS BISAGRAS. GRACIAS.",2023-02-12 00:00:00,Cerrado,,0
976852,Diagonal,"Se ha estropeado el calentador de agua, situado en la planta -2, en el vestuario femenino. Hemos cortado la llave de paso porque de lo contrario pierde agua, con lo cual ahora estamos sin agua en los lavabos, sólo tenemos de agua en el grifo de la cocina.",2023-02-13 00:00:00,Cerrado,,0
978312,Palma ,"Tenemos problemas eléctricos en la oficina, saltan los diferenciales del SAI y perdemos la linea de conexión a los ordenadores y los cajeros, puede ser que el SAI se haya averiado o que haya algún mal contacto en algún lugar que hace que salten.Es urgente",2023-02-15 00:00:00,Cerrado,,0
981596,Málaga,VANDALISMO OFICINA - REVENTÓN CAJEROS,2023-02-17 00:00:00,Cerrado,,0
983796,Sevilla,"Necesitamos revisión del cableado de red interno, de dos televisiones. Desde infra indican que el puerto se conecta y desconecta todo el rato. Necitamos que se revise el cableado. 
Las dos tvs, en la oficina saben cuáles son.",2023-02-20 00:00:00,Cerrado,,0
984638,Sabadell,URGENTE: Necesitamos intervención de urgencia en el cableado de uno de los puestos de gestor. La clavija del cable HDMI que va de la pantalla a la dock station se ha roto y el cable no se puede usar. Es imprescindible para usar la pantalla y trabajar.,2023-02-21 00:00:00,Cerrado,,0
986480,Majadahonda,Tenemos dos mesas de atención al público (mesas de gestor) Mesa 1 y mesa 6 que el tablero está suelto. Hay inestabilidad en la mesa cuando te apoyas en ella.,2023-02-24 00:00:00,Cerrado,,0
986297,Palma ,"REVISION DEFICIENCIAS OF. MALLORCA
Revisión de backlights( cartelería) tensar los cables y comprobar que los transformadores funcionen
Emergencia de sala de reuniones
Luminarias fundidas (La última fluctúa)",2023-02-26 00:00:00,Cerrado,,0
986305,Palma ,"REVISION DEFICIENCIAS OF. MALLORCA
Limpieza/sustitución de filtros de rejillas:
Panel de control en clima de sótano averiado
Contabilizar y guardar pingüinos (había uno fuera y el resto de cajas creo que todas vacías",2023-02-26 00:00:00,Cerrado,,0
988823,Diagonal,"Filtros muy sucios, adjunto foto",2023-02-28 00:00:00,Cerrado,,0
989579,Móstoles,LA PUERTA DE ENTRADA A LA OFICINA TIENE UN TOPE PARA QUE LA PUERTA NO GOLPEE EL MARCO. ESE TOPE SE ESTA ROMPIENDO Y NECESITAMOS SUSTITUIRLO O PONER UNO NUEVO PARA PROTEGER EL MARCO Y LA PUERTA QUE SINO ACABARA ROMPIENDOSE.,2023-02-28 00:00:00,Cerrado,,0
990341,Acacias,EL FREGADERO DE LA OFICINA DE ACACIAS SE ENCUENTRA ATASCADO,2023-03-01 00:00:00,Cerrado,,0
989745,Palma ,Necesitamos colgar un cajetín de custodia de llaves en una pared de la sala del rack,2023-03-02 00:00:00,Cerrado,,0
989746,Palma ,Tenemos una cisterna de baño con pérdida de aguaa,2023-03-02 00:00:00,Cerrado,,0
989748,Palma ,"Algunos de los focos que iluminan cajeros y puestos de atención están apagados, desconozco si fundidos o mal conectados",2023-03-02 00:00:00,Cerrado,,0
989751,Palma ,Tenemos dos baldosas en área de paso de clientes hundidas y una de ellas con un taco plástico medio salido de un orificio que se hizo en esa baldosa. Existe riesgo de tropezón con caída tanto de clientes cómo del personal de la oficina ya que hay desnivel,2023-03-02 00:00:00,Cerrado,,0
991069,Diagonal,Retirar cristal planta -1. Está roto y pesa mucho,2023-03-02 00:00:00,Cerrado,,0
990488,Gijón,"Hola, la barra metálica con la que se abre la puerta exterior está suelta y hay que soldarla. Por otro lado, tenemos fundida una luz de la planta 1 y un embellecedor blanco de un foco de la sala de reuniones está medio suelto y se va a caer. Gracias",2023-03-03 00:00:00,Cerrado,,0
991766,Sevilla,TENEMOS LUCES FUNDIDAS DE CUARTO DE ALMACEN Y UNA DE PUESTO DE AUTOSERVICIOS,2023-03-03 00:00:00,Cerrado,,0
992377,Sevilla,solicitamos servicio de abrillantado de suelo del patio de operaciones de la oficina,2023-03-04 00:00:00,Cerrado,,0
994201,Zaragoza,"ANTICIMEX deficiecias encontradas:
Deficiencia: Huecos en salita dentro baños hombres
Medida correctora: Sellar
ver imagen",2023-03-08 00:00:00,Cerrado,,0
994206,Zaragoza,"ANTICIMEX medida correctora:
SE APRECIA APERTURA POR DEBAJO DE PUERTA:
Deficiencia: Falta burlete
Medida correctora: Instalación burlete",2023-03-08 00:00:00,Cerrado,,0
995558,Acacias,"EN LA FACHADA NOS HAN PINTADO UNOS GRAFITIS QUE HABRIA QUE LIMPIAR, SE TRATA DE LA PUERTA METALICA DE LA ACOMETIDA DE GAS",2023-03-09 00:00:00,Cerrado,,0
995559,Acacias,"EL SEGUNDO PUESTO DE TA DE LA PLANTA BAJA NO TIENE ILUMINACION, NECESITAMOS QUE SE PONGA LA LAMPARA QUE TENIA",2023-03-09 00:00:00,Cerrado,,0
996345,Córdoba,Reparación de mesa,2023-03-13 00:00:00,Cerrado,,0
997880,Diagonal,Cambiar la configuración del aire: de calefacción a a/a,2023-03-13 00:00:00,Cerrado,,0
998810,Móstoles,"Abrillantado y/o tratamiento en pavimento mármol, baldosa, suelo porcelánico o PVC.  Abrillantado de suelo.",2023-03-14 00:00:00,Cerrado,,0
998813,Móstoles,"Desempolvado y limpieza de elementos iluminación (focos, lámparas, etc) Las lamparas de los puestos de los gestores estan muy sucias.",2023-03-14 00:00:00,Cerrado,,0
1000112,Costa Rica,"Hola,

Se solicita la retirada de señal de ruta de evacuación que indica un camino erróneo. No sería necesario incluir nueva señal",2023-03-16 00:00:00,Cerrado,,0
1000255,Acacias,tenemos el fregadero de la cocina atascado,2023-03-16 00:00:00,Cerrado,,0
999537,Cádiz,La limpieza no es aceptable y estamos disconformes con la calidad de servicio percibida.  Rogamos lo solucionen,2023-03-17 00:00:00,Cerrado,,0
999716,Valladolid,"El totem interior que oculta el cajero exterior tiene unas puertas de cristal, una de ellas está caída y se solapa a la otra puerta, con el riesgo que de algún golpe se puedan romper",2023-03-17 00:00:00,Cerrado,,0
1000933,Acacias,"la puerta del RAC roza con el suelo  y lo está deteriorando, además de que cuesta abrirla",2023-03-17 00:00:00,Cerrado,,0
1002343,Diagonal,Luz fundida wc mujeres planta -1,2023-03-20 00:00:00,Cerrado,,0
1002358,Las Palmas,COMO PASA SIEMPRE LA PUERTA PRINCIPAL D ELA OFICINA YA NO CIERRAR Y SE BLOQUEA POR EL PESO CONTRA EL SUELO. tIENEN QUE LALMAR A LA EMPRESA QUE LA INSTALO ALPEGAR YA QUE EIFFAJE NO SABE SOLUCIONARLO. PUEDEN GESTIONARLO COMO OTRAS VECES.,2023-03-21 00:00:00,Cerrado,,0
1003013,Diagonal,Cambiar la configuración de calefacción a aire acondicionado,2023-03-21 00:00:00,Cerrado,,0
1002518,La Coruña,Solicitamos limpieza de la fachada en especial en la parte del piedra que bordea el suelo.,2023-03-22 00:00:00,Cerrado,,0
1002519,La Coruña,solicitamos limpieza específica de dos pintadas que hay en torno a la puerta de entrada en una zona con revestimiento metálico. Es posible que requieran productos específicos.,2023-03-22 00:00:00,Cerrado,,0
1003611,Diagonal,"Limpieza de los filtros de aire de toda la oficina, a excepción de los de la planta 0 que ya se hicieron. Y a partir de ahora ir haciendo el mantenimiento oportuno",2023-03-22 00:00:00,Cerrado,,0
1004427,O'donell,Tenemos una TV´S DE CAJEROS que al ir a cambiarla no han podido instalarla al estar partido el soporte anterior asi como la instalación electrica de ese puesto hay que revisarla,2023-03-23 00:00:00,Cerrado,,0
1004981,Viriato,Necesitamos que se vuelvan a pegar las tapas de los kioskos de autoservicio que cubren el hueco del teléfono que se quito ya que con la silicona puesta se caen,2023-03-24 00:00:00,Cerrado,,0
1008779,Acacias,REPARAR CERRADURA,2023-03-24 00:00:00,Cerrado,,0
1007119,Málaga,EL AIRE ACONDICIONADO DEL RAC NO ENFRIA. SI ESTA FUNCIONANDO PERO EL AIRE SALE EN MODO VENTILADOR.,2023-03-29 00:00:00,Cerrado,,0
1008862,Sabadell,DIFERENCIAL Y PITIDO,2023-03-29 00:00:00,Cerrado,,0
1008641,Gijón,"Buenos días, necesitamos que se pula el suelo de toda la oficina para quitar las manchas, ya que hace años que no se hace ese servicio. Gracias",2023-03-30 00:00:00,Cerrado,,0
1009727,Viriato,"Buenos dias, la puerta de acceso a la oficina tiene un tirador de arriba a abajo que se la soltado por abajo. Necesitamos que se suelde.",2023-03-30 00:00:00,Cerrado,,0
1009941,Acacias,LA CERRADURA DEL DESPACHO NO CONECTA CON EL CAJETIN DE ALARMA. DESDE SEGURIDAD NOS INDICAN QUE HAY QUE CAMBIAR LA CERRADURA.,2023-03-30 00:00:00,Cerrado,,0
1010922,Viriato,"Necesitamos revisar techo de la primera planta, hace tiempo tuvimos una gotera en el mismo techo que provocó inundación y caída del techo de la misma zona. Hoy se han vuelto a percibir malos olores provenientes de la misma zona y cierto reflejo de humedad",2023-03-31 00:00:00,Cerrado,,0
1010946,Costa Rica,"HEMOS QUITADO EL CARTEL DE SALIDA DE EMERGENCIA Y HAY QUE PINTAR LA COLUMNA DE NARANJA, ADJUNTO FOTO",2023-03-31 00:00:00,Cerrado,,0
1011258,Valencia,"Necesitamos se limpie la persiana, han hecho unas pintadas.",2023-03-31 00:00:00,Cerrado,,0
1013676,Majadahonda,"La puerta de entrada de la oficina está enmarcada con un cuadro naranja, que por la exposición al sol ha perdido todo el color, solicitamos pintar de nuevo cuadro de puerta de color naranja",2023-04-03 00:00:00,Cerrado,,0
1020724,Viriato,"tenemos grafitis en las cristaleras, necesitamos limpiarlos",2023-04-11 00:00:00,Cerrado,,0
1022900,O'donell,Necesitamos que acuda personal de CBRE A colocar un soporte que hemos recibido de INGMAD PARA UNA TV DE CAJEROS,2023-04-12 00:00:00,Cerrado,,0
1027918,Gijón,"Es necesario cambiar el muelle a la puerta de entrada, la han reparado en dos ocasiones este mes y sigue sin cerrar correctamente. Gracias",2023-04-19 00:00:00,Cerrado,,0
1029309,Málaga,NECESITAMOS ARREGLO DE UNA PERSIANA ELECTRICA.,2023-04-20 00:00:00,Cerrado,,0
1029314,Málaga,NECESITAMOS AJUSTAR EL SISTEMA DE CIERRE DE LA PUERTA DE ENTRADA.,2023-04-20 00:00:00,Cerrado,,0
1030867,Gijón,"Buenos días, tenemos otras dos luces fundidas en la oficina y un dispositivo que nos han colocado en un baño  gotea. Gracias",2023-04-21 00:00:00,Cerrado,,0
1032127,Zaragoza,"Pintada en la fachada de atrás de la oficina, no es la fachada principal, no se asocia con la oficina por lo que no es excesivamente urgente, pero si hay que limpiarla pues es la parte trasera de la oficina. Adjuntamos foto.",2023-04-24 00:00:00,Cerrado,,0
1035320,Diagonal,Sellar bien la parte trasera de los wc's y la zona de alrededor de la columna de la planta -2 porque según el técnico de plagas de Anticimex ambas son zonas por donde se cuelan las cucarachas,2023-04-24 00:00:00,Cerrado,,0
1035445,Móstoles,ATASCO BAÑO CABALLEROS RETRTE. SANITRIT SUENA SIN PARAR Y SE HA DESBORDADO EL AGUA. TAMBIEN AFECTA AL URINARO.,2023-04-24 00:00:00,Cerrado,,0
1035920,Cádiz,"TENEMOS UNA PINTADA DE GRAFITI EN LA FACHADA, NECESITAMOS QUE VENGAN EL SERVICIO DE LIMPIEZA CON QUITA TINTA Y MATERIAL ESPECIAL PARA BORRARLO.",2023-04-26 00:00:00,Cerrado,,0
1038731,Valencia,"Necesitamos se repare la puerta del baño de clientes, el cierre, y la del totem de los cajeros 4b y poner una placa para evitar que dé golpe en el cajero y que no se rompa el cristal. Gracias.",2023-04-26 00:00:00,Cerrado,,0
1040082,Diagonal,Subsanar las deficiencias de la OCA de BT,2023-04-27 00:00:00,Cerrado,,0
1040494,Viriato,"tenemos deteriorada la puerta de acceso , se queda atascada con mucha frecuencia y se nos ha roto el látigo interior que conecta con la cerradura de la llave tubular.",2023-04-27 00:00:00,Cerrado,,0
1039051,Oviedo,"BUENAS, NECESITAMOS QUE VENGAN A REVISAR LOS RELOJES DEL HILO MUSICAL Y DEL ALUMBRADO EXTERIOR. GRACIAS.",2023-04-28 00:00:00,Cerrado,,0
1040223,Murcia,Cerradura de la cajonera que se ha estropeado y no cierra con llave....,2023-04-28 00:00:00,Cerrado,,0
1040329,Vigo,Rotura en sistema de cierre de puerta de entrada,2023-04-28 00:00:00,Cerrado,,0
1042129,Costa Rica,PINTAR ZONA FACHADA PARA QUITAR PINTADA GRAFITI,2023-04-28 00:00:00,Cerrado,,0
1040840,Palma ,LA CADENA DEL BAÑO PIERDE AGUA,2023-04-30 00:00:00,Cerrado,,0
1040842,Palma ,LOS ALTAVOCES DEL HILO MUSICAL DE LA OFICINA NO SUENAN EN EL PATIO DE CLIENTES ZONA DE ENTRADA,2023-04-30 00:00:00,Cerrado,,0
1042147,Cádiz,"NECESITAMOS URGENTE QUE VENGAN A REVISAR EL AIRE ACONDICIONADO, YA QUE SALE AIRE CALIENTE",2023-04-30 00:00:00,Cerrado,,0
1047814,Meridiana,El aire acondicionado del RAC pierde agua,2023-05-02 00:00:00,Cerrado,,0
1049162,Sabadell,"Tenemos un puesto de trabajo donde la conexión HDMI entre el portátil y la pantalla no funciona, ni a través de la dock station ni conectando directamente el cable HDMI al portátil.",2023-05-03 00:00:00,Cerrado,,0
1051791,Málaga,NECESITAMOS ARREGLO DEL GRIFO DEL LAVABO.,2023-05-05 00:00:00,Cerrado,,0
1052635,Viriato,"En breve está prevista una auditoria y necesitamos tener documentación bajo llave, hemos descubierto que las puertas de los armarios están mal montadas y aunque se cierren con llave se pueden abrir sin problema las puertas. Gracias",2023-05-05 00:00:00,Cerrado,,0
1052643,Viriato,El manillar para cerrar y abrir la puerta está suelto. Gracias,2023-05-05 00:00:00,Cerrado,,0
1052669,Viriato,"Necesitamos cambiar el bombín de la cerradura de un mueble que tenemos en sala, se han perdido todas las llaves y es un mueble en el que se guarda documentación que debiera estar bajo llave.",2023-05-05 00:00:00,Cerrado,,0
1052632,Gijón,"Hola, tenemos pendiente de revisar: olores en sala, siguen filtrándose, varias luces fundidas, armario de rack tierra, antideslizante negro escaleras, cambio muelle de la puerta exterior y la luz led del muro detrás de las mesas de gestores. Gracias",2023-05-07 00:00:00,Cerrado,,0
1052724,Murcia,Reparacion de la puerta de acceso general.....,2023-05-07 00:00:00,Cerrado,,0
1053976,Vigo,"Buenos días, ha vuelto a fallar el sistema de cierre autonático de la puerta de entrada
Un saludo",2023-05-08 00:00:00,Cerrado,,0
1058365,Salamanca,SOLICITU DE MANTENIMIENTO POR TERMO PICADO,2023-05-10 00:00:00,Cerrado,,0
1060525,Valencia,Necesitamos cerraduras nuevas para los cajones de las mesas de gestor ya que por extravío de las llaves no podemos tenerlos cerrados con llave y por auditorías hemos de hacerlo,2023-05-10 00:00:00,Cerrado,,0
1062071,Majadahonda,solicitamos limpieza de cristalería de la oficina de majadahonda,2023-05-10 00:00:00,Cerrado,,0
1061816,Granada,"La puerta de acceso a la oficina se queda abierta por lo que el sistema de seguridad no conecta, hay que empujarle para que se quede cerrada. Necesitamos reparacion lo antes posible.",2023-05-11 00:00:00,Cerrado,,0
1061979,Las Palmas,"Solicitamos identificación de cable de Kiosko que va de rack al mismo, el kiosko está identificado como KPWOD0800004, necesitamos saber hora y fecha en que van a estar para avisar a nuestro técnico para que les de apoyo en esa identificación.",2023-05-12 00:00:00,Cerrado,,0
1062148,Valladolid,"Con la limpieza de la moqueta de la oficinas, planta cero donde se atiende clientes, hay dos puestos en los que salió una mancha en la moqueta. Inicialmente pensé que era humedad que debía de secar, pero despues de tiempo no se va.",2023-05-12 00:00:00,Cerrado,,0
1065078,Sabadell,"La maneta de apertura de la puerta del despacho se ha roto, por lo que no es posible abrirla desde fuera. La puerta se abre hacia fuera y el tensor que la cierra tiene mucha fuerza lo que hace prácticamente imposible abrirla sin llave.",2023-05-12 00:00:00,Cerrado,,0
1065340,Móstoles,SE HA ROTO EL SISTEMA DE ENGANCHE DE LA CINTA QUE DETERMINA DONDE EMPIEZA LA ZONA DE EMPLEADOS,2023-05-12 00:00:00,Cerrado,,0
1065480,Cádiz,TENEMOS DOS TAQUILLAS DE VESTUARIO SIN CERRADURAS Y EL POMO DE UN ARMARIO QUE NECESITAMOS CAMBIAR,2023-05-15 00:00:00,Cerrado,,0
1071123,Diagonal,Luz fundida cuartito limpieza planta -1,2023-05-16 00:00:00,Cerrado,,0
1071749,O'donell,Necesitamos que venga un carpintero y cerrajero dado que tenemos unos armarios que se han vuelto a romper las cerraduras y en ellos se guarda documentacion confindencial adjuntamos fotos de los sistemas de cierra que llevan los armarios.,2023-05-17 00:00:00,Cerrado,,0
1080276,Málaga,COLOCAR CERRADURAS CON LLAVES EN 6 ARMARIOS COLOCADOS EN LOS ARCHIVOS DE PLANTA BAJA Y SOTANO.,2023-05-23 00:00:00,Cerrado,,0
1080787,Móstoles,Relacionada con SR6564481. SE HA ROTO EL SISTEMA DE ENGANCHE DE LA CINTA QUE DETERMINA DONDE EMPIEZA LA ZONA DE EMPLEADOS,2023-05-23 00:00:00,Cerrado,,0
1082091,Diagonal,No funcionan los mandos de apertura de la oficina. Ninguno de los 2.,2023-05-24 00:00:00,Cerrado,,0
1082104,Zaragoza,"Buenos días, necesitaríamos que vinieran a revisar unas cerraduras de armarios y cajones y sus correspondientes llaves. Posiblemente haya que cambiarlos. Gracias.",2023-05-24 00:00:00,Cerrado,,0
1082914,Gijón,"Hola, Tenemos 2 goteras y nos dicen que es una pérdida de nuestro A/A. Seguimos con olores en la sala debido al aire que no se van con el fungicida. 2 luces sobre una de las mesas se nos apagan continuamente. GRacias",2023-05-24 00:00:00,Cerrado,,0
1084265,Diagonal,El hilo musical no funciona,2023-05-24 00:00:00,Cerrado,,0
1084264,Bilbao,Por Auditoria necesitamos poner 5 cerraduras en los Cajones de los gestores ya que están las 5 rotas. Tenemos una puerta del Vestuario que se ha desencajado y no podemos cerrar. Nos faltan luces en la zona del Cajero. Puerta del Rac desencajada,2023-05-25 00:00:00,Cerrado,,0
1085927,Sabadell,"Hemos recibido la visita de Bluenatur que ha instalado unos ambientadores en los baños. Durante el proceso, en un baño de clientes se han desprendido y roto varias baldosas por lo que necesitamos que se realice reparación.",2023-05-25 00:00:00,Cerrado,,0
1084856,Zaragoza,"Buenas tardes,

Nos gustarías saber si pueden revisarnos el aire acondicionado en cuanto a donde enfoca el aire.  Sale mucho aire directo a puestos de gestor.
Muchas gracias",2023-05-26 00:00:00,Cerrado,,0
1087706,Santander,"Buenos días, solicito servicio para arreglo de cerraduras de los aramrios de material ofcina en losq eu guardamos documentacón. .Un armario está sin llaves, otro atascado sin posibilidad de abrir y otros 2 con llave pero no abre.",2023-05-28 00:00:00,Cerrado,,0
1091712,Diagonal,"La puerta de acceso a la oficina se queda abierta, cuando sube la temperatura se dilata y roza con el suelo, cosa que impide que se cierre por si sola. Cada año cuando llega el calor tenemos el mismo problema.",2023-05-29 00:00:00,Cerrado,,0
1093763,Zaragoza,Bombilla fundida en el baño femenino. Gracias,2023-06-01 00:00:00,Cerrado,,0
1097820,Granada,WO 1094210 Puerta de entrada de acceso sigue rota,2023-06-02 00:00:00,Cerrado,,0
1101610,Majadahonda,Solicito cambio de cerraduras de tres armarios ubicados en el almacén ya que no cierran. El cambio de los bombines y llaves nuevas tanto de la puerta del almacén y del baño de acceso público,2023-06-03 00:00:00,Cerrado,,0
1105122,Málaga,AJUSTAR MUELLE - LA PUERTA NO CIERRA CORRECTAMENTE,2023-06-07 00:00:00,Cerrado,,0
1105347,Málaga,SE NOS HA DESCOLGADO UNA PERSIANA MANUAL. NECESITAMOS ARRELGO,2023-06-07 00:00:00,Cerrado,,0
1107345,Viriato,SE HA ROTO EL ENGANCHE INFERIOR DE LA CERRADURA DEL ARMARIO QUE SE ENCUENTRA EN LA ZONA DE EMPLEADOS,2023-06-07 00:00:00,Cerrado,,0
1106869,Las Palmas,"MESA DE LA PLANTA ALTA COJA, PARECE QUE SE VA A PARTIR",2023-06-08 00:00:00,Cerrado,,0
1110366,Móstoles,"necesitamos que vengan a cambiar dos televisiones de los brazos/soporte en las que están colgadas. Seria cambiar una por otra, cambiar la ubicación de las televisiones de turnos, hace falta una escalera y herramientas",2023-06-08 00:00:00,Cerrado,,0
1113389,Valencia,Necesitamos se regule el chorro de aire que sale sobre la mesa 5 ya que sale mucho y el compañero que se sienta ahí se ha puesto malo por eso. Esperamos técnico. Gracias.,2023-06-09 00:00:00,Cerrado,,0
1113752,Móstoles,"'-	Presupuesto para desmontar/montar 1 pantalla rota
-	Presupuesto para destruir 1 pantalla",2023-06-09 00:00:00,Cerrado,,0
1113776,Sevilla,"'-	Presupuesto para desmontar/montar 3 pantallas cuando lleguen (Quitar las 2 de turnos + 1 rota y montar las que hemos enviado)
-	Presupuesto para destruir 3 pantallas (Samsung)",2023-06-09 00:00:00,Cerrado,,0
1113919,Meridiana,la puerta de el rack se ha inflado dificultando su apertura,2023-06-09 00:00:00,Cerrado,,0
1118847,Málaga,Cambio de localización cajetín llaves sucursales ING al cuarto del Rack,2023-06-13 00:00:00,Cerrado,,0
1119429,Acacias,EL INTERRUPTOR PARA ENCENDER Y APAGAR LAS LUCES DE LA OFICINA SE HA VUELTO A ESTROPEAR. URGE RESOLUCIÓN.,2023-06-13 00:00:00,Cerrado,,0
1121261,Palma ,"Tras el cambio completo del sistema de climatización de la oficina y tener un funcionamiento correcto desde hace unos días la oficina huele a orín, un olor muy desagradable. Desconocemos si puede tener que ver con tuberías del baño o similar. Gracias",2023-06-15 00:00:00,Cerrado,,0
1124582,Móstoles,el sanitril instalado hace unas semanas no funciona correctamente. Está funcionando 24/7 y no solo cuando se utiliza el sanitario. Emite ruidos constantes que son molestos y se escuchan en toda la oficina.,2023-06-15 00:00:00,Cerrado,,0
1123274,Cádiz,EL APARATO DEL AIRE ACONDICIONADO ESTÁ SOLTANDO AGUA,2023-06-16 00:00:00,Cerrado,,0
1126809,Costa Rica,PINTAR TECHO OFICINA POR GOTERA YA SOLUCIONADA,2023-06-16 00:00:00,Cerrado,,0
1131514,Diagonal,Se ha roto una de las partes de la cinta que tenemos para bloquear el acceso a planta -1. Es solo pegar una parte al cristal para poder enganchar la otra.,2023-06-19 00:00:00,Cerrado,,0
1133231,Viriato,"TENEMOS UN GRAFITI EN LA FACHADA DEL OS CAJEROS 4B, ADJUNTO FOTO",2023-06-20 00:00:00,Cerrado,,0
1133319,Sabadell,Wc embozado,2023-06-20 00:00:00,Cerrado,,0
1131515,Cádiz,DESMONTAR UNAS MAMPARAS PARA NO DEJARLAS EN MEDIO DE LA OFICINA,2023-06-21 00:00:00,Cerrado,,0
1131516,Cádiz,RETIRADA DE LOS RESIDUOS DEL AIRE ACONDICIONADO DEL PATIO,2023-06-21 00:00:00,Cerrado,,0
1131690,Cádiz,EL GRIFO DEL CUARTO DE BAÑO ESTÁ ESTROPEADO Y SALE EL AGUA SALPICANDO POR TODAS PARTES,2023-06-21 00:00:00,Cerrado,,0
1133218,Granada,"Tenemos una mesa de un gestor que se mueve mucho, está a punto de caerse.",2023-06-21 00:00:00,Cerrado,,0
1135016,Diagonal,Volvemos a tener cucarachas en la oficina. En los últimos días nos hemos encontrado varias y hoy en la puerta de entrada principal.,2023-06-21 00:00:00,Cerrado,,0
1133873,Gijón,Cambio de localización cajetín llaves sucursales ING al cuarto del Rack,2023-06-22 00:00:00,Cerrado,,0
1135297,Bilbao,Necesitamos reparar luz de emergencia de la sala de reuniones. Necesitamos mando a distancia para aparato de aire acondicionado Hitachi .,2023-06-22 00:00:00,Cerrado,,0
1133874,Oviedo,Cambio de localización cajetín llaves sucursales ING al cuarto del Rack,2023-06-22 00:00:00,Cerrado,,0
1135785,Las Palmas,EL TEMPORIZADOR SE DESCONFIGURO O ESTA AVERIADO PORQUE SE PONE Y SE QUITA A LO LARGO DEL DIA ROGAMOS REVISAR,2023-06-23 00:00:00,Cerrado,,0
1137479,Acacias,INSTALAR TV PILOTO Y SOPORTE,2023-06-23 00:00:00,Cerrado,,0
1138931,Acacias,Cambio de localización cajetín llaves sucursales ING al cuarto del Rack,2023-06-23 00:00:00,Cerrado,,0
1138960,Móstoles,CAMBIO LOCALIZACION CAJETIN LLAVES AL CUARTO DE RACK,2023-06-23 00:00:00,Cerrado,,0
1139128,Acacias,La puerta del rack roza en el suelo y se queda abierta,2023-06-23 00:00:00,Cerrado,,0
1138988,Zaragoza,CAMBIO LOCALIZACION CAJETIN LLAVES AL CUARTO DE RACK,2023-06-26 00:00:00,Cerrado,,0
1143884,Gijón,Desmontar/montar 1 pantalla (quitar 1 Philips de Turnos e instalar la que reciben de Diagonal),2023-06-27 09:00:09,Cerrado,,0
1145792,Móstoles,"un cliente ha pegado un portazo al salir de la oficina, rompiendo el tope del suelo y rompiendo una baldosa. necesitamos que vengan a repararlo. adjunto fotos por mail.",2023-06-27 19:43:16,Cerrado,,0
1146254,Viriato,"Una de las mesas de los gestores se mueve el tablero al apoyarse en ella, la pata no está bien anclada.",2023-06-28 00:48:00,Cerrado,,0
1149353,Diagonal,No funciona el A/C en toda la oficina. Por favor necesitamos un técnico con urgencia que lo repare ya que así no podemos trabajar.,2023-06-29 16:46:03,Cerrado,,0
1149570,Palma,Reprogramar los aparatos de succión y recirculación del aire,2023-06-30 09:36:32,Cerrado,,0
1149647,Oviedo,REVISAR MUELLE PUERTA ENTRADA -  FALLA DESPUES DE HABERLO CAMBIADO,2023-06-30 10:21:15,Cerrado,,0
1156628,Murcia,Caldera de agua....no deja de caer agua,2023-07-04 08:07:38,Cerrado,,0
1157160,Vigo,El elevador de acceso a minusválido está estropeado.,2023-07-05 04:33:08,Cerrado,,0
1157305,Gijón,"Hola, la luz led que está detrás de la mesa de los gestores sobre el muro hay que cambiarla porque una parte está fundida. La luz de la mesa 4 no se apaga y enciende con los interruptores generales.",2023-07-05 06:28:04,Cerrado,,0
1157310,Gijón,"Buenos días, Necesitamos que por favor se baje el sofá grande de la planta cero a la 1. Es necesario que vengan dos personas. Gracias",2023-07-05 06:29:18,Cerrado,,0
1160950,Diagonal,No funciona la pantalla LED  de recepción (planta 0),2023-07-05 22:46:02,Cerrado,,0
1160485,La Coruña,TENEMOS GOTERAS EN LA ZONA DE ACCESO DE LA OFICINA DE CORUÑA DONDE SE ENCUENTRA EL APARATO DE AIRE ACONDICIONADO.,2023-07-06 08:32:51,Cerrado,,0
1164523,Diagonal,"Hace ya días que el ascensor derecho dejó de funcionar. Han venido en varias ocasiones los técnicos pero no lo han solucionado. El último día que vinieron, el 05/07, dijeron que estaba todo ok pero lo dejaron inoperativo",2023-07-07 19:04:55,Cerrado,,0
1164697,Meridiana,Buenas tardes tenemos el water del lavabo de hombres que no deja tirar de la cadena,2023-07-07 20:47:46,Cerrado,,0
1163504,Palma,Necesitamos desinstalar 4 pantallas lcd e instalar otras 4,2023-07-09 07:29:59,Cerrado,,0
1169923,Bilbao,Necesitamos que vaya alguien de mantenimiento a revisar la roseta de red que hay detrás de una tv de publicidad. La roseta es la D31,2023-07-11 08:13:15,Cerrado,,0
1174272,Diagonal,Se ha fundido una de las luces de la cocina,2023-07-12 23:27:01,Cerrado,,0
1175886,Palma ,"Se vinieron a instalar 4 TV en hueco pared, había 2 de las 4 averiadas pero se dejó una de las TV sin volver a poner necesitamos volver a instalar y que el hueco no quede con el soporte visible",2023-07-14 09:59:36,Cerrado,,0
1175906,Las Palmas,UNA LOZETA SUELTA EN FRENTE DE LA ESCALERA ROGAMOS REPARACION,2023-07-14 10:16:00,Cerrado,,0
1176023,Gijón,"Hola, necesitamos que nos coloquen un óculo que se quitó cuando tuvimos las filtraciones de agua en el baño de la planta cero. Gracias",2023-07-14 11:21:52,Cerrado,,0
1177570,Sabadell,Hay una gotera en el techo del vestuario de mujeres,2023-07-14 17:03:34,Cerrado,,0
1177571,Sabadell,La maneta de la puerta de la cocina está estropeada,2023-07-14 17:04:32,Cerrado,,0
1177939,Valencia,Necesitamos visita de un técnico para la verificación del cableado  de red para una TV de gestores,2023-07-14 21:18:53,Cerrado,,0
1183022,Granada,"El aire acondicionado de rack no funciona, tiene luz roja y no enfría y revisar la zona de abajo de la oficina ya que teniendo dos maquinas pasamos calor....",2023-07-18 08:21:23,Cerrado,,0
1185595,Valencia,"Nos ha llamado el vecino del primer piso de C/ San Vicente nº 22 para decirnos que el aire acondicionado del local en planta baja hace un ruido insoportable, nos ha pedido que os lo comuniquemos 
ya que en caso de que no se solucione pondrá una denuncia.",2023-07-19 00:22:34,Cerrado,,0
1185678,Móstoles,TENEMOS EL BAÑO DE MUJERES ATASCADO. NO SE PUEDE UTILIZAR.,2023-07-19 01:22:44,Cerrado,,0
1185684,Móstoles,"NECESITAMOS REPROGRAMAR EL AIRE ACONDICIONADO. ACTUALMENTE ARRANCA A LAS 8, Y NECESITAMOS QUE ARRANQUE A LAS 7 DE LA MAÑANA. A LAS 8 YA NO ES CAPAZ DE CLIMATIZAR LA OFICINA.",2023-07-19 01:24:04,Cerrado,,0
1187053,Móstoles,el sistema de climatización no funciona correctamente. ayer teníamos la oficina a 32 grados por la tarde.,2023-07-19 19:22:51,Cerrado,,0
1187095,Oviedo,"BUENOS DÍAS, NECESITAMOS QUE PONGAN UNA CERRADURA A UNA DE LAS TAQUILLAS DEL VESTUARIO DE MUJERES QUE NO TIENE. GRACIAS.",2023-07-20 09:48:12,Cerrado,,0
1187104,Oviedo,NECESITAMOS QUE VENGAN A LA OFICINA DE OVIEDO A COLOCAR LOS DOS BACKLIGHTS EXTERIORES QUE NOS HAN LLEGADO,2023-07-20 09:55:56,Cerrado,,0
1187112,Oviedo,NECESITAMOS QUE VENGAN A REVISAR LA PARTE DE ABAJO DEL ARMARIO NUMERADO CON EL N2,2023-07-20 09:55:56,Cerrado,,0
1198003,O'donell,POR FAVOR ARREGLAR MANILLA DEL PICAPORTE DE LA PUERTA DEL VESTUARIO DE CHICAS DE ODONNELL SE HA SALIDO Y ROTO,2023-07-25 19:37:01,Cerrado,,0
1198625,Málaga,NECESITAMOS ARREGLO DE 3 PERSIANAS. 2 MANUALES Y 1 ELECTRICA,2023-07-27 07:05:35,Cerrado,,0
1200673,Santander,"Trás un incidente con un cliente, la puerta de acceso a la oficina, se bloquea al intentar abrir. La han estado golpeando y han debido mover el cerrojo o algo que no permite abrirla. Es urgente.",2023-07-28 07:29:59,Cerrado,,0
1203887,Valencia,"Necesitamos visita de un cerrajero conjuntamente con el personal de INV para solucionar el problema de cierre de la puerta de entrada, ya que a veces no cierra bien y se abre el watchi&amp;mochi",2023-07-28 20:36:58,Cerrado,,0
1213383,Diagonal,"Limpieza de los plafones de luces, hay bichos pegados",2023-08-02 22:09:30,Cerrado,,0
1215423,Costa Rica,PLAGA DE HORMIGAS EN WC DE PLANTA BAJA. OF COSTA RICA,2023-08-03 12:57:26,Cerrado,,0
1213551,Cádiz,"TENEMOS EL MURO DE LOS CAJEROS ABIERTO, YA QUE POR UNA INCIDENCIA DE AGUAS EN EL GARAJE DE ABAJO HAN VENIDO UNOS OPERARIOS A PARTIR Y HAN CONFIRMADO QUE LA FUGA ES DE NUESTROS AIRES ACONDICIONADOS.",2023-08-04 03:50:44,Cerrado,,0
1216012,Meridiana,El urinario masculino esta ewmbozado,2023-08-04 04:17:38,Cerrado,,0
1213808,Cádiz,HAY UN FOCO FUNDIDO DEL TECHO DE LA PARTE DE LOS CAJEROS,2023-08-04 07:04:41,Cerrado,,0
1215225,Bilbao,AVISO DE HUMEDADES EN TRASTERO PRINCIPAL IZQUIERDO,2023-08-04 08:57:40,Cerrado,,0
1217214,Viriato,"Retirada de pantallas en mesas e instalación de pantallas nuevas.
Las pantallas que hay que quitar están pegadas a las mesas, hay que retirarlas con cuidado para luego instalar las nuevas que van con soporte.",2023-08-04 19:32:46,Cerrado,,0
1217233,Viriato,"El cierre de la puerta de entrada está estropeado, se queda abierta todo el tiempo",2023-08-04 19:50:59,Cerrado,,0
1217409,Viriato,"En un cuarto de baño el grifo está mal ajustado y se mueve, y en el otro el dispensador de jabón hay que colgarlo a la pared y tapar agujeros. Gracias",2023-08-04 21:44:03,Cerrado,,0
1217203,Cádiz,ESTÁ ESTROPEADA LA CERRADURA DEL CAJÓN DE UNA MESA,2023-08-06 09:30:30,Cerrado,,0
1220826,Valencia,"Tras el arreglo, la puerta no cierra. Se ha aflojado tanto el muelle o lo que sea que se frena y no cierra. Por favor ajustar. Gracias.",2023-08-06 10:40:30,Cerrado,,0
1222367,Gijón,"Buenos días, necesitamos por favor que nos vengan a limpiar todas las salidas de aire. Nos han hecho una medición de la Calidad del aire y nos lo han pedido. También se deben limpiar los filtros. Gracias",2023-08-07 10:21:47,Cerrado,,0
1222527,Viriato,"Hay una ventana que no cierra bien, por favor revisad porque puede causar que salte la alarma. Gracias",2023-08-07 20:58:51,Cerrado,,0
1222908,Murcia,La cisterna del baño de mujeres no para de tirar agua hemos intentado cerrar la llave de paso pero no podemos.,2023-08-09 05:47:21,Cerrado,,0
1224960,Cádiz,"LOS AIRES NO ESTÁN ENFRIANDO, ADEMÁS QUE NO SE HA ARREGLADO EL DESAGÜE QUE MOJA AL VECINO DE ABAJO",2023-08-09 09:02:17,Cerrado,,0
1226006,O'donell,NECESITAMOS QUE ACUDAN A OFICINA A REVISAR PUERTAS DEL BAÑO DE EMPLEADOS LA DEL ASEO DE DENTRO NO CIERRA LA MANECILLA NI EL PESTILLO,2023-08-09 16:51:55,Cerrado,,0
1226484,O'donell,ADJUNTO IMAGEN DE GRAFFITI DE FUERA CAJERO EXTERIOR EN PARED DERECHA Y TECHO,2023-08-09 21:56:06,Cerrado,,0
1226774,Móstoles,Tenemos una pintada en los cajeros exteriores. Necesitamos que vengan a limpiarla.,2023-08-10 01:32:32,Cerrado,,0
1224843,Valladolid,"en la oficina hay una barandilla de cristal para y una de la uniones entre dos cristales se ha desprendido. Hay que repararlo dando silicona, que es como estaba",2023-08-10 05:24:08,Cerrado,,0
1224848,Valladolid,"los luminosos corporativos, colocados en la parte alta de la oficina, parpadean constantemente, son tres módulos",2023-08-10 05:27:59,Cerrado,,0
1226152,Granada,"URGE ARREGLO. LOS ESTORES DE LA OFICINA NO PODEMOS SUBIRLOS, SE QUEDAN CERRADOS Y EL BANCO NOS PIDE TENERLOS ABIERTOS CUANDO CERRAMOS OFICINA",2023-08-10 08:29:38,Cerrado,,0
1226155,Granada,LA LUZ DEL CUARTO DE ALMACENAJE ESTÁ FUNDIDA,2023-08-10 08:32:00,Cerrado,,0
1226165,Granada,URGE ARREGLO :LA MANILLA DEL BAÑO DE MUJERES ESTÁ ROTA Y LOS CLIENTES SE QUEDAN DENTRO SIN PODER SALIR,2023-08-10 08:34:39,Cerrado,,0
1229819,O'donell,CAMBIAR ALOGENO VESTUARIO DE CHICAS FUNDIDA,2023-08-11 17:03:39,Cerrado,,0
1235444,Oviedo,"Buenos días, se nos ha fundido uno de los óculos del baño, por favor necesitamos que vengan a sustituirlo. Gracias.",2023-08-16 08:43:58,Cerrado,,0
1239088,Majadahonda,La manilla de puerta de la cocina está suelta.,2023-08-16 19:01:20,Cerrado,,0
1235914,Tenerife,NO FUNCIONA EL AIRE ACONDICIONADO DE LA TOBERA PEQUEÑA NI EL DEL RACK.  POR FAVOR NECESITAMOS REVISION URGENTE,2023-08-17 04:42:29,Cerrado,,0
1239130,Granada,INSTALACIÓN PINGUINO GRANADA,2023-08-17 09:30:00,Cerrado,,0
1240974,Salamanca,En la planta superior a aparecido una gotera en el techo esta mañana 17/08 que el 16/08 no estaba. Es bastante grande por lo que se pide un servicio con urgencia para poder solucionarlo,2023-08-18 08:28:52,Cerrado,,0
1243166,Granada,Necesitamos que manden a alguien para limpiar graffiti en fachada. Gracias.,2023-08-21 02:21:07,Cerrado,,0
1247900,Valladolid,Hace mucho calor en la oficina,2023-08-22 09:06:43,Cerrado,,0
1248485,Santander,Solicitamos servicio para puerta de acceso.,2023-08-23 05:25:08,Cerrado,,0
1249950,Córdoba,Se ha caído un estor de los ventanales de la oficina de Córdoba,2023-08-23 09:51:31,Cerrado,,0
1252143,Cádiz,SE HA ROTO UN MANQUITO DEL LAVABO DE UN ASEO Y SE HA INUNDADO.  NECESITAMOS QUE SE REPARE LO ANTES POSIBLE CADIZ,2023-08-25 02:55:33,Cerrado,,0
1253715,Cádiz,EL AIRE ACONDICIONADO NO TIRA Y HAY MOMENTOS DE MUCHÍSIMO CALOR EN LA OFICINA,2023-08-25 08:25:32,Cerrado,,0
1255960,O'donell,"LAS BANDAS ANTIDESLIZANTES DE LAS RAMPAS DE ACCESO A OFICINA ESTÁN DESGASTADAS Y NO CUMPLEN SU FUNCIÓN. POR FAVOR, NECESITAMOS REPONER DICHAS BANDAS ANTIDESLIZANTES POR SEGURIDAD YA QUE EL SUELO RESBALA MUCHO Y HAY RIESGO DE CAIDAS. GRACIAS.",2023-08-25 21:30:23,Cerrado,,0
1254156,Salamanca,"El aire acondicionado de la sala de arriba no funciona, tenemos que tener muy fuerte el de la planta de abajo para que refresque algo arriba. Sucede desde hace un par de dias. Necesitamos que venga alguien a revisarlo",2023-08-27 02:45:32,Cerrado,,0
1263260,Sabadell,WC con atasco y fuga de agua,2023-08-29 20:42:04,Cerrado,,0
1263364,Viriato,EL MANDO DEL ELEVADOR DE MINUSVALIDOS NO FUNCIONA,2023-08-29 21:48:30,Cerrado,,0
1261630,Salamanca,"Revisión cable de red televisión de turnos , el cable ha dejado de funcionar, la roseta no esta identificada y por tanto no se sabe donde esta conectada en el patch panel, haría falta rotularla y revisar el cableado interno de la pared.",2023-08-30 04:00:45,Cerrado,,0
1269315,Sevilla,PUERTA DE CRISTAL DE CAJERO 24 H NO CONSEGUIMOS QUE SE QUEDE CERRADA COMPLETAMENTE,2023-09-01 22:35:32,Cerrado,,0
1269042,Gijón,"Buenos días, necesitamos por favor que se cambien los filtros de carbón activo del A/A. GRacias",2023-09-03 09:36:41,Cerrado,,0
1269043,Gijón,"Buenos días, necesitamos que nos pongan una canaleta para tapar el cable de la impresora, que se ha movido recientemente en la plata cero. Gracias",2023-09-03 09:39:22,Cerrado,,0
1274849,Valencia,Hace poco han arreglado una avería en la oficina de Valencia y retiraron una señal de extintor y hay que reponerla.,2023-09-04 13:45:14,Cerrado,,0
1274480,Móstoles,"BUENOS DIAS, DEBIDO A LAS LLUVIAS, TENEMOS TODO EL TECHO DE LA OFICINA MOJADO, SE HAN CREADO BOLSAS DE AGUA Y SE HAN MANCHADO LAS PAREDES,",2023-09-04 17:40:50,Cerrado,,0
1274651,Valencia,"Buenas, necesitamos se cambie un tubo fluorescente del vestuario de chicas ya que parpadea. Gracias.",2023-09-04 19:32:29,Cerrado,,0
1274659,Valencia,La puerta de cristal de la salita de la planta alta se descuelga y no permite conectar el cierre con alarma.,2023-09-04 19:36:37,Cerrado,,0
1274737,Valencia,"Se cae el diferencial.
Salta alarma de Sobrecalentamiento en el rack. 
Se apaga el A/A en el cuarto del rack.",2023-09-04 20:27:39,Cerrado,,0
1276660,Zaragoza,"Buenos días, de nuevo no hace buen contacto el cierre de la puerta de acceso a oficina. Cuando vengan al mantenimiento mensual, ¿Podrían revisarlo? Gracias.",2023-09-06 10:23:36,Cerrado,,0
1278697,Valencia,"LA EMPRESA DE CONTROL DE PLAGAS INFORMA DE LA SIGUIENTE DEFIENCIA:
CONSERVACION INADECUADA DE INFRAESTRUCTURA: GRIETAS Y OQUEDADES
MEDIDAS CORRECTORAS: TAPAR HUECOS Y OQUEDADES",2023-09-06 21:07:18,Cerrado,,0
1278982,Sabadell,Wáter de caballeros con fuga de agua y embozado. Hay una incidencia ya abierto con CBRE para el cambio de la trituradora pero actualmente hay una fuga de agua en dicho lavabo.,2023-09-06 23:30:00,Cerrado,,0
1280635,Granada,"Ncesitamos tecnico par mirar goteras en la zona de clientes, ya vinieron a repararla pero ha vuelto a pasar. Gracias.",2023-09-08 10:09:15,Cerrado,,0
1281153,Bilbao,COMUNIDAD DE VECINO SE QUEJA DE FUERTES GOTERAS EN UN TRASTERO. SOBRE EL TRASTERO SE ENCUENTRA UN CUARTO DE BAÑO DE NUESTRA OFICINA.,2023-09-10 05:54:23,Cerrado,,0
1283008,Tenerife,"perdida de agua en el RACK , una de las paredes esta mojada. Necesitamos tramitación urgente",2023-09-11 04:45:00,Cerrado,,0
1289677,O'donell,CAMBIAR 3 LUCES ALOGENOS ADJUNTO FOTO,2023-09-12 17:06:40,Cerrado,,0
1288463,Málaga,NECESITAMOS ARREGLO DEL ANCLAJE AL SUELO DE LA TURNOMATIC.,2023-09-13 05:54:22,Cerrado,,0
1294002,Costa Rica,"NECESITAMOS PINTAR CON URGENCIA LA PUERTA DE ACCESO EXTERIOR DE LA OFICINA DE COSTA RICA PARA DESPUES PODER LOS VINILOS CON EL NUEVO HORARIO. LA PINTURA ACTUAL ESTÁ MUY MAL
ES URGENTE, GRACIAS",2023-09-14 22:25:29,Cerrado,,0
1292114,Córdoba,Baño clientes pierde agua al tirar de la cadena y baño empleados es necesario reponer el tirador de la cisterna que está estropeado,2023-09-15 03:04:47,Cerrado,,0
1295647,Granada,"El aire acondicionado de la oficina salta de vez en cuando sin motivo alguno y se para por completo, la maquina que tenemos en la sala de reuniones expulsa un liquido negro por la salida de aire",2023-09-17 09:41:14,Cerrado,,0
1300576,Viriato,"La puerta de entrada a la oficina, se queda abierta no se cierra, por favor enviad un técnico que lo revise. 
Por otro lado, hay que montar una balda en un armario y el grifo del cuarto de baño se mueve.",2023-09-18 19:50:49,Cerrado,,0
1300403,Santander,En la planta alta sale mal olor por el aire acondicionado.,2023-09-19 07:48:53,Cerrado,,0
1302823,Móstoles,"La tapa del inodoro del baño de chicas está partido completamente, y nos da problemas para levantar la tapa. Muchas gracias.",2023-09-19 23:58:32,Cerrado,,0
1304769,Móstoles,SUSTITUCIÓN DE FILTROS,2023-09-21 00:41:33,Cerrado,,0
1302939,Granada,Necesitamos que manden a alguien para limpiar distintos graffiti de la fachada. Gracias.,2023-09-21 05:31:25,Cerrado,,0
1308168,Viriato,Necesitamos reparar una de las tapas que cubrían los huecos de los teléfonos de los puestos de autoservicio que se ha caido,2023-09-22 17:24:39,Cerrado,,0
1308264,Córdoba,Cucarachas detectadas en baños de clientes y privado,2023-09-24 08:28:54,Cerrado,,0
1308383,Córdoba,Baño empleados es necesario reponer el tirador de la cisterna que está estropeado. Solicitado por Marta Bajo de ING.,2023-09-24 09:49:10,Cerrado,,0
1318100,Diagonal,Se ha roto la maneta de entrada al vestuario femenino,2023-09-27 23:20:04,Cerrado,,0
1319865,Diagonal,"El pulsador del WC del medio de los lavabos femeninos de la planta -2 en ocasiones se queda enganchado al apretarlo, cosa que hace que vaya saliendo agua de la cisterna y provoca un gasto excesivo de agua",2023-09-28 21:17:10,Cerrado,,0
1319868,Diagonal,"El tercer grifo del lavabo de la -1 no funciona, no sale agua",2023-09-28 21:18:27,Cerrado,,0
1319605,Granada,"Salida de agua de los latiguillos del lavabo del cuarto de baño de mujeres, inundando suelo, creemos que hay que sustituir grifo y latiguillos, necesitamos que manden alguien urgentemente, ya que hemos cortado agua. Gracias.",2023-09-29 08:32:48,Cerrado,,0
1323668,Valencia,"Tenemos unos rótulos que parpadea la luz, los de la planta alta que van rectos. Por otro lado necesitamos se programe para que estén encendidos entre las 00 y las 06:00 únicamente. Gracias.",2023-09-30 18:52:19,Cerrado,,0
1323789,Diagonal,Limpieza de los cristales de la fachada de la oficina y de los estores,2023-09-30 19:29:29,Cerrado,,0
1327402,Diagonal,La puerta de acceso a la oficina hace mucho ruido al abrirse/cerrarse. Necesitamos ponerle solución porque no podemos trabajar así.,2023-10-02 19:28:56,Cerrado,,0
1329372,Málaga,NECESITAMOS ARREGLO DE PERSIANA MANUAL.,2023-10-04 07:36:38,Cerrado,,0
1329373,Málaga,LOS PANELES LUMINOSOS NARANJAS QUE ESTAN EN LA FACHADA ENCIMA DE LOS CAJEROS EXTERNOS NO FUNCIONAN.,2023-10-04 07:38:49,Cerrado,,0
1334135,Bilbao,"la puerta del RAC conectada a sistema de Alarma no cierra, esta desencajada, por lo que no se puede cerrar correctamente ni armar el RAC",2023-10-08 05:43:27,Cerrado,,0
1341151,Móstoles,"Déspues de las goteras y tener que pintar el techo, el suelo a quedado horrible, Necesitamos que vengan a revisarlo y limpiar a fondo el suelo de la oficina.. Abrillantado De Suelo.",2023-10-09 21:42:51,Cerrado,,0
1343732,Oviedo,"TENEMOS LAS LUCES LED DE DETRÁS DE LOS GESTORES FUNDIDAS, TANTO LAS BLANCAS COMO LAS NARANJAS.",2023-10-13 06:32:04,Cerrado,,0
1348962,Diagonal,El A/C de la cocina pierde agua,2023-10-13 18:38:43,Cerrado,,0
1354617,Vigo,"Salta el diferencial  1AAA, al volver a posición de funcionamiento vuelve a saltar,  es urgente ya que controla el aire acondicionado de la sala del rac donde están todo el equipo informático de la oficina y al no enfriar se está calentando mucho, gracias",2023-10-16 09:38:40,Cerrado,,0
1354819,Diagonal,"Televisión sin red y sin identificar la roseta para saber a donde corresponde el parcheo, estaba operativa antes, creemos que pueda ser problema del cable de la pared puesto que no tenemos forma de seguirlo. ¿Podéis comprobar el cable e identificarlo?",2023-10-16 19:35:08,Cerrado,,0
1355038,Móstoles,necesitamos que vengan a quitar el gancho para perros de la puerta de acceso a la oficina.,2023-10-16 21:47:53,Cerrado,,0
1355406,Diagonal,SUSTITUCIÓN DE BOMBA DE CONDENSADOS,2023-10-17 01:32:22,Cerrado,,0
1354634,Gijón,"Buenos días, necesitamos que nos envíen jabón neutro para limpiar las mesas que nos acaban de lacar. No sirve jabón de manos como nos comenta empresa de limpieza, pues deja mucho residuo. Gracias",2023-10-17 07:48:20,Cerrado,,0
1354951,Zaragoza,"Buenos días, 

Solicitamos servicio para eliminar el gancho que hay fuera de la oficina para que dejen atados a los animales debido a la nueva Ley de Bienestar Animal. 

Gracias.",2023-10-17 11:00:02,Cerrado,,0
1354983,Oviedo,NECESITAMOS QUE VENGAN A RETIRAR EL GANCHO PARA LOS PERROS EN LA OFICINA DE OVIEDO,2023-10-17 11:13:52,Cerrado,,0
1355151,Santander,Quitar gancho para perros de la fachada de la oficina.,2023-10-18 02:56:20,Cerrado,,0
1355153,Bilbao,"Necesitamos quitar de la fachada el ""gancho"" que teníamos instalado para dejar a los perros atados en la puerta de la calle.",2023-10-18 02:59:00,Cerrado,,0
1358898,Valladolid,"Ha aparecido un charco en el descansillo de la escalera que da acceso a la planta sótano, no se si es una fuga o acumulación de humedad",2023-10-18 10:05:54,Cerrado,,0
1357142,Vigo,"Retirada de gancho exterior de perros, actualmente anclado a la pared de la entrada",2023-10-19 01:38:38,Cerrado,,0
1359163,Bilbao,"No funciona el aire acondicionado de la Oficina. Esta aquí el técnico de mantenimiento y no puede dejarlo operativo, Le da error eléctrico desde el RAC",2023-10-19 10:57:31,Cerrado,,0
1362090,Zaragoza,Solicitamos venga a arreglar la cajonera que adjuntamos en foto. Gracias.,2023-10-22 06:17:13,Cerrado,,0
1368627,Costa Rica,"GOTERAS EN LAS DOS PLANTAS QUE AFECTAN A LOS REPETIDORES DE LA RED WIFI, NO PODEMOS CONECTARNOS A LA RED WIFI. SOLICITAMOS URGENTEMENTE QUE VENGAN A REPARAR LAS GOTERAS Y LOS REPETIDOORES QUE ALIMENTAN LA RED WIFI DE LA OFICIA. SUPER URGENTE",2023-10-23 10:58:04,Cerrado,,0
1371293,Palma,Retirada de la fachada de la oficina un gancho para atar perros de los clientes. se encuentra atornillado a la fachada,2023-10-26 02:14:26,Cerrado,,0
1371295,Palma,"El marco de entrada de la puerta del baño de clientes tiene humedades negras, y la pintura se ha saltado",2023-10-26 02:17:58,Cerrado,,0
1374019,Viriato,MONTAR UNA BALDA EN UN ARMARIO - SOLICITADO POR CRISTINA TAPIA,2023-10-26 02:47:53,Cerrado,,0
1374036,Viriato,GRIFO DEL CUARTO DE BAÑO SE MUEVE - SOLICITADO POR CRISTINA TAPIA,2023-10-26 03:02:14,Cerrado,,0
1373781,Las Palmas,Humedades en la planta alta debido a un problema de aguas del vecino del 3Z del edificio,2023-10-26 06:26:29,Cerrado,,0
1375831,Las Palmas,SPLIT A/C PRIMERA PLANTA ESTA SOLTANDO AGUA,2023-10-27 04:21:06,Cerrado,,0
1377908,Las Palmas,"CLIENTE ROMPE CERRADURA DE LA PUERTA DE ENTRADA, NECESITAMOS SERVICIO DE LA EMPRESA ESPECIALIZADA PARA ARREGLARLO, Y NECESITAMOS UNA VALORACION PARA PRESENTAR LA DENUNCIA EN LA POLICIA.",2023-10-29 02:56:51,Cerrado,,0
1384888,Móstoles,8 BOMBILLAS FUNDIDAS EN OFICINA,2023-10-30 22:31:50,Cerrado,,0
1384942,Móstoles,SUSTITUCION FILTRINA EQUIPOS A/A,2023-10-30 23:01:36,Cerrado,,0
1384707,Las Palmas,MANECILLA DE LA PUERTA SUELTO,2023-10-31 10:50:15,Cerrado,,0
1386871,Murcia,"Buenos dias, solciitamos eliminar el enganche de animales que tenemos en la puerta de la oficina. YA no es necesario",2023-11-02 08:54:59,Cerrado,,0
1392672,Viriato,"necesitamos arreglar el pomo/picaporte de la puerta, los clavos se han desenganchado y el picaporte se ha caído, necesitamos que traigáis un tubito cuadrado rectangular de los que unen los dos picaportes interior y exterior.",2023-11-03 02:39:01,Cerrado,,0
1389783,Bilbao,"La puerta de la entrada tiene el muelle flojo de manera que cuando entra un cliente y la abre la puerta no vuelve a cerrarse sola. El movimiento de cerrarse sola, no lo hace con la suficiente fuerza como para quedarse cerrada completamente.",2023-11-03 07:30:32,Cerrado,,0
1394453,Zaragoza,LA PUERTA DEL VESTUARIO FEMININO NO SE CIERRA BIEN,2023-11-05 11:03:44,Cerrado,,0
1394834,Cádiz,LA PUERTA DE LA ENTRADA DA UNO GOLPES MUY FUERTES CUANDO SE CIERRA,2023-11-06 04:03:54,Cerrado,,0
1401284,Viriato,"La manilla/pomo del vestuario de mujeres está suelta, por favor, podéis enviar técnico para solucionarlo?
No sé si puedo aprovechar el parte, necesitamos también que instalen una balda en un armario, es simple, le falta una pieza metálica de soporte.",2023-11-06 20:48:00,Cerrado,,0
1406355,Córdoba,"La puerta de acceso al baño de empleados está rota, no es posible acceder URGENTE",2023-11-09 04:45:47,Cerrado,,0
1406606,Málaga,"Como no se encienden en el horario establecido, revisar el horario de Verano a Invierno.
Identificar 3 TV y la línea eléctrica. Después hay que conectarlas a circuito 24 h de TV como el resto y después alguien configurar la TV si es necesario.",2023-11-10 05:16:37,Cerrado,,0
1410715,Viriato,Tenemos rota y  desajustada la ruleta del encendido  luz interior de la oficina y cambio a  modo nocturno de luz naranja.,2023-11-10 19:01:15,Cerrado,,0
1422605,Las Palmas,BAÑO DE LA PLANTA BAJA ATASCADO,2023-11-15 11:28:36,Cerrado,,0
1422746,Salamanca,Necesito quitar la placa para sujetar los perros que tenemos en la puerta de la oficina de Salamanca,2023-11-16 10:40:52,Cerrado,,0
1422765,Córdoba,"Cambiar el sistema de climatización a Calor, modificar el estado de las máquinas",2023-11-16 10:52:32,Cerrado,,0
1425344,Murcia,"Buenos días, solicitamos que se revise la cisterna del baño, ya que hemos recibido la visita del técnico del agua indicando que tenemos una fuga. Ya que se ha desbocado el consumo del agua en los dos últimos meses. Muchas gracias",2023-11-17 03:34:22,Cerrado,,0
1427667,Sevilla,REVISIÓN Y PUESTA EN FUNCIONAMIENTO DE LOS ROTULOS,2023-11-17 20:23:27,Cerrado,,0
1434058,Diagonal,Se ha roto la cinta que cierra el paso a planta -1,2023-11-20 22:10:56,Cerrado,,0
1433708,Gijón,"Hola, el sofá de la planta cero se ha soltado en varios sitios y la puerta exterior no cierra bien debido al cambio de tiempo al que ajustas bisagras. Gracias",2023-11-21 08:59:53,Cerrado,,0
1435994,Vigo,"•	Incidencia para desatascar tubería de drenaje de la máquina del clima, cuarto RAC, cuadro eléctrico.",2023-11-22 07:43:35,Cerrado,,0
1435995,Vigo,•	Incidencia para cambiar luz indirecta de mostrador de pantallas.,2023-11-22 07:44:58,Cerrado,,0
1439113,Valencia,"Hemos descubierto una filtración de agua en el cuarto del ascensor y está encharcado, huele mucho y sigue saliendo un goteo constante. Adjunto fotos de una pared también.",2023-11-22 16:16:16,Cerrado,,0
1439246,Oviedo,NECESITAMOS QUE VENGAN BORRAR LA PINTADA QUE TENEMOS EN LA FACHADA DE LA OFICINA,2023-11-24 05:33:21,Cerrado,,0
1452175,Viriato,"Necesitamos que se ponga refuerzo en las 3 baldas del cuarto de limpieza, están arqueándose en el centro por el peso.",2023-11-28 15:09:50,Cerrado,,0
1452191,Viriato,"Solicitamos cambio de tipo de grifo, está suelto y se mueve, es recurrente en este grifo, hemos pedido autorización a servicios generales y solicitamos que se cambie por uno mono mando para poder controlar el gasto de agua,",2023-11-28 15:16:33,Cerrado,,0
1452192,Viriato,"Hay una tapa en los puestos de autoservicio, que cubre el hueco de los antiguos teléfonos llena de pegamento, por favor eliminar los restos de dicho pegamento",2023-11-28 15:19:29,Cerrado,,0
1452208,Viriato,HAY UN CONDUCTO DE AIRE QUE ESTÁ SUELTO EN EL TECHO DE LA SALA DE REUNIONES,2023-11-28 15:25:07,Cerrado,,0
1452390,Diagonal,La cadena de unos de los wc's de la planta -1 de hombres se queda encallada perdiendo agua,2023-11-28 17:21:42,Cerrado,,0
1457594,O'donell,O´Donnell quitar las mamparas de metacrilato  3 en los PADS Sin retirar y 3 laterales podías reclamarlo para ver que ha ocurrido y conocer el motivo por el que no se pudieron completar los trabajos de retirada. Facturar a PRL según SSGG,2023-12-01 01:28:08,Cerrado,,0
1457735,Las Palmas,EMBELLECEDOR PLANTA ALTA,2023-12-03 07:28:17,Cerrado,,0
1458921,Cádiz,"LA LUZ DEL CUARTO DEL CAJERO ESTÁ FUNDIDA, NECESITAMOS EL CAMBIO",2023-12-03 10:27:14,Cerrado,,0
1468819,Sevilla,LOS ELEMENTOS COLOCADOS EN LOS WATER PARA SUMINISTRAR LIQUIDO DE LIMPIEZA DE LA OFICINA SE ENCUENTRAN VACIOS Y PITAN CONTINUAMENTE. REVISAR POR SI HAY QUE RELLENARLOS,2023-12-06 02:11:54,Cerrado,,0
1468830,Sevilla,TENEMOS UNA LUZ DE LA PARTE SUPERIOR DEL PATIO EN LAS MESAS LATERALES FUNDIDO ADEMAS DE ALGUNA EN LOS BAÑOS PRIVADOS,2023-12-06 02:13:29,Cerrado,,0
1466452,Oviedo,"Buenas, tenemos de nuevo una pintada exterior, adjuntamos foto. Solicitamos que vuelvan de nuevo a limpiarla. Gracias.",2023-12-07 06:12:37,Cerrado,,0
1477423,Meridiana,Tenemos un lavabo que pierde agua,2023-12-09 21:34:38,Cerrado,,0
1472553,Gijón,SUSTITUCION TIRAS LED - PLANTA ALTA,2023-12-10 07:56:43,Cerrado,,0
1472721,Gijón,"Buenos días, no tenemos luz en parte de la planta 1, ni 2 después de las obras. Gracias",2023-12-10 09:30:39,Cerrado,,0
1472722,Gijón,"Hola, la puerta exterior no cierra bien y se queda abierta por dilatación. Gracias",2023-12-10 09:31:28,Cerrado,,0
1472723,Gijón,"Hola, tenemos varios focos pequeños del baño de planta cero fundidos y 1 roto.Gracias",2023-12-10 09:32:18,Cerrado,,0
1472733,Gijón,"Hola, hay que ajustar clavos del sofá ya que se suelta parte del respaldo. Gracias",2023-12-10 09:33:00,Cerrado,,0
1481965,Diagonal,No funciona uno de los foco de la cocina,2023-12-11 22:44:12,Cerrado,,0
1481967,Valencia,"La puerta de la salita/despacho sigue descolgada, tenían pendiente hacer un arreglo más duradero pero no han venido, por favor pasar aviso. Gracias.",2023-12-11 22:50:35,Cerrado,,0
1484690,O'donell,tenemos dos maquinas Higienizantes que desprenden ambientador al tirar de la cisterna (adjunto imagenes) y uno de ellos se ha desprendido es para que avisen a la empresa que lo gestiona que vengan a colocarlo e instalarlo nuevamente,2023-12-13 01:41:38,Cerrado,,0
1486869,O'donell,Tras la visita de tecnico nos indican que el cableado del PC de turnos de la Oficina de ODonnell esta muy deteriorado solicitamos que acuda un electricista a revisarlo y sustituirlo. Muchas gracias,2023-12-13 22:56:54,Cerrado,,0
1487302,Murcia,"Buenas, desde el mantenimiento las luces del pasillo para los baños y las que estan encima de la sala de espera de clientes NO FUNICONAN...hemos ido al cuadro de luces y está todo subiido..Gracias",2023-12-15 06:25:00,Cerrado,,0
1489095,Tenerife,SOLICITAMO REEMPLAZO DE LAMPARAS FUNDIDAS,2023-12-15 11:03:46,Cerrado,,0
1489102,Tenerife,SOLCIITAMOS PEGAR ESTRUCTURA DE LOS BACKLIGHT,2023-12-15 11:05:21,Cerrado,,0
1489103,Tenerife,SOLICITAMOS REEMPLAZO TAPA WC,2023-12-15 11:08:03,Cerrado,,0
1491675,Diagonal,"Ayer por la tarde hubo un corte de luz general en la calle de la oficina y no hemos conseguido recuperar ordenadores de la planta 0 de Recepcion, en concreto los nuevos kioskos que no instalaron, gracias",2023-12-15 14:16:13,Cerrado,,0
1491302,Gijón,"Buenos días!
En la oficina de Gijón hay un cable de red de uno de los kioscos que no está funcionando correctamente. Uno de los técnicos realizó ya la prueba con un tester y el cable esta mal. Podéis cambiarlo? El cable debería estar ya identificado.",2023-12-17 09:22:52,Cerrado,,0
1497574,Valencia,"Hola, tenemos una lámpara en la planta alta de las que hay en las mesas de gestor que no funciona, adjunto foto. Gracias.",2023-12-18 20:01:39,Cerrado,,0
1498117,Valencia,"No nos funciona el hilo musical. Hemos probado a resetear, desenchufar, esperar y volver a enchufar y nada, no funciona. Necesitamos un técnico. Gracias.",2023-12-19 00:45:48,Cerrado,,0
1497491,Granada,"Se pone en contacto con nosotros el presidente de la comunidad a la que pertenece la oficina para comentarnos que el aire acondicionado está funcionando toda la noche y los fines de semana molestando el ruido a los vecinos, necesitamos que manden tecnico.",2023-12-19 09:25:06,Cerrado,,0
1500851,Meridiana,Tenemos una puerta del pasillo con la maneta suelta,2023-12-20 03:48:22,Cerrado,,0
1500796,Las Palmas,.LA ILUMINACION DE LA FACHADA Y DOS PUESTOS DE LA CRISTALERA ESTAN FUNDIDOS,2023-12-21 07:09:13,Cerrado,,0
1500801,Las Palmas,.IMPOSIBILIDAD DE ABRIR UN ARMARIO DE LA SALA DE REUNIONES,2023-12-21 07:10:50,Cerrado,,0
1505383,O'donell,Adjunto fotos de una puerta de uno de los muebles de PAD de ODONNELL q se ha descolgado para que acudan a poner nuevamente la puerta,2023-12-21 15:42:46,Cerrado,,0
1507288,Málaga,"NECESITAMOS REEMPLAZO DE VARIAS LUCES QUE SE HAN FUNDIDO: CUARTO DE LIMPEZA, LAMPARA ENCIMA DE ESCALERAS Y LUCES NOCTURNAS.",2023-12-24 08:22:07,Cerrado,,0
1517322,Valladolid,"En la oficina no hace calor, teniendo el termostato de la oficina a 29 grados la temperatura no sube. En otras ocasiones hay que limpiar filtros de captación de aire que están colmatados y no permiten captar caudal de aire. Venir preparados para limpieza",2023-12-27 08:05:26,Cerrado,,0
1518253,Málaga,BUENAS TARDES. SE HA ROTO LA CISTERNA DE UNO DE LOS BAÑOS DE LA OFICINA. ES MUY URGENTE. NO PODEMOS USAR ESE BAÑO Y EL OTRO LO USAN LOS CLIENTES.,2023-12-28 07:29:59,Cerrado,,0
1521604,Majadahonda,Necesitamos arreglar cerradura baño empleados ya que se ha roto y no cierra la puerta. Necesitaría instalación nueva,2023-12-29 01:27:04,Cerrado,,0
1541995,Sabadell,REVISAR GRIFO FUERA DE SERVICIO,2024-01-09 00:00:00,Cerrado,,0
1542241,Acacias,"LA PERSIANA DE UNA DE LAS VENTANAS DE LA PLANTA SUPERIOR DE LA OFICINA DE PASEO DE LAS ACACIAS 6 ESTÁ ROTA, NO LA PODEMOS BAJAR",2024-01-09 00:00:00,Cerrado,,0
1541915,Sevilla,TENEMOS QUE REVISAR AIRE Y CONDUCTOS YA QUE TENEMOS MUCHOS INSECTOS EN LA OFICINA,2024-01-09 19:45:59,Cerrado,,0
1540533,Granada,"tenemos una mesa de atencion al publico que se mueve y está a punto de partirse, la han arreglado varias veces pero está otra vez igual, necesitariamos buscar una solución como le dieron a otra mesa que nos pasaba lo mismo y mandaron a un carpintero.",2024-01-10 00:00:00,Cerrado,,0
1542518,Acacias,"EL LAVABO DEL BAÑO DE CLIENTES PIERDE AGUA, NO SE PUEDE UTILIZAR PORQUE TIENE UNA FUGA",2024-01-10 00:00:00,Cerrado,,0
1544510,Cádiz,LAS LUCES DEL EXTERIOR ESTÁN FUNDIDAS,2024-01-12 05:50:55,Cerrado,,0
1545782,Diagonal,No se puede cerrar el armario de recepción porque se ha roto el muelle.,2024-01-15 00:00:00,Cerrado,,0
1546311,Diagonal,"Una de las bombas de los pozos de la -1 está averiada, me lo ha dicho el técnico",2024-01-15 00:00:00,Cerrado,,0
1548568,Palma,"Uno de los aparatos para desinfectar el urinario se ha soltado de la pared y está colgando, es una especie de depósito con algun químico conectado por un tubo al urinario. Ese depósito estaba fijado a la pared se ha descolgado quedando suelto",2024-01-15 00:00:00,Cerrado,,0
1548643,Gijón,"Hola, ayer nos colocaron una cristalera en la escalera y necesitamos que por favor nos lo limpien los cristaleros. Gracias",2024-01-15 00:00:00,Cerrado,,0
1548644,Gijón,"Hola, el sofá de la planta cero vuelve a soltarse el respaldo que nos repararon hace unos días. Gracias",2024-01-15 00:00:00,Cerrado,,0
1556159,Oviedo,SE HA FUNDIDO LA LUZ DEL VESTUARIO FEMENINO,2024-01-17 00:00:00,Cerrado,,0
1560824,Mostoles,"haciendo el mantenimiento de la oficina por parte de cbre, al apretar unos tornillos el lavabo se ha venido abajo Desde cbre me solicitan abrir ticket para resolverlo. Necesitamos volver a anclar el lavabo a la pared.",2024-01-17 00:00:00,Cerrado,,0
1558543,A coruña,"MOVIMIENTO MOBILIARIO
RETIRAR SOFA AZUL Y SUBIRLO A LA PLANTA 1 (ZONA SIN USO, DETRAS DE LAS MAMPARAS) Y QUE QUEDE MONTADO. SUBIR NUEVOS SOFAS (PUFs) QUE ESTAN EN EL SOTANO Y COLOCARLOS EN LA PLANTA BAJA",2024-01-18 00:00:00,Cerrado,,0
1563284,Mostoles,"necesitamos sustituir el muelle de la puerta de entrada. Se ha revisado y esta roto, haciendo que la puerta de portazos y haga  mucho ruido.",2024-01-18 00:00:00,Cerrado,,0
1565298,Diagonal,Ordenar y agrupar los cables de la mesa de recepción,2024-01-19 00:00:00,Cerrado,,0
1565831,Palma,"AIRE ACONDICIONADO CON GOTERAS, CHARCOS DE AGUA EN ZONA RACK DONDE SE ENCUENTRAN SISTEMAS ELECTRICOS DE LA OFICINA.",2024-01-22 00:00:00,Cerrado,,0
1573290,Zaragoza,Buenos días. Hay varias bombillas fundidas en la zona de clientes y también dos en el vestuario de empleados femenino. Esperamos vengan a reponer. Gracias.,2024-01-24 00:00:00,Abierto ,1573290,1
1583285,Mostoles,se han fundido todas las bombillas que alumbran el cuartito interior de los cajeros. NO hay luz dentro del recinto de los cajeros. Necesitamos reponer las bombillas,2024-01-26 00:00:00,Cerrado,,0
1581451,Bilbao,El problema de luces que se reparo hace unos dias vuelve a fallar. No tenemos luz sobre uno de los cajeros y el embellecedor de la pared se ha vuelto a caer.,2024-01-28 00:00:00,Cerrado,,0
1591578,Córdoba,"Puerta del baño de empleados averiada, se queda cerrada y no es posible abrir desde dentro. Cierre estropeado 
ING CORDOBA",2024-01-29 00:00:00,Cerrado,,0
1591636,Bilbao,"Llevamos 3 días seguidos que salta un diferencial por la noche en el cuadro de luces y al llegar a la Ofi tenemos que reiniciar varios sistemas que aparecen caídos y algunos recuperan y otros no. Perdemos kiosko, atender, a/a, cajeros e internet. BILBAO",2024-01-29 00:00:00,Cerrado,,0
1595164,Las Palmas,"Buenos días, tenemos una fuga en una llave de paso de la oficina, solicitamos revision",2024-01-31 00:00:00,Cerrado,,0
1596994,Diagonal,Fluorescente parpadeando en cocina (planta -1),2024-01-31 00:00:00,Cerrado,,0
1600515,Las Palmas,"La puerta no cierra debido al viento extremo de la oficina en el dia de hoy, se ha descolgado la puerta y choca el bastidor.",2024-02-01 00:00:00,Cerrado,,0
1759402,Valladolid,Hay varias luminarias fundidas en la planta baja de la oficina. Sustituir bombillas,2024-02-02 00:00:00,Cerrado,,0
1596741,Santander,"Buenos días, hace unas semanas nos arreglaron la puerta de entrada, estaba caída, desde ese día la puerta no cierra bien y cuando cierra queda holgura. ING SANTANDER",2024-02-02 00:00:00,Cerrado,,0
1599747,Gijón,"Al día siguiente de arreglarnos el sofa de la planta cero, se suelta de nuevo un tornillo del respaldo",2024-02-03 00:00:00,Cerrado,,0
1600255,Valladolid,"En la fachada ext. de la oficina se posan las palomas y generan suciedad en el suelo, en los salientes donde se posan y en las cámara de seguridad. Se puede valorar colocar algún sistema que impida que se posen para evitar las consecuencias?",2024-02-03 00:00:00,Cerrado,,0
1600275,Gijón,"Tenemos dos luces de la planta 1 fundidas, necesitamos que sean por favor con luz cálida",2024-02-03 00:00:00,Cerrado,,0
1610039,Diagonal,Limpieza repisa escaleras entre planta 0 y planta 1,2024-02-04 00:00:00,Cerrado,,0
1610194,Málaga,Mando a distancia que baja las persianas de la oficina está estropeado. Revisar y cambiar. Urgente porque impide el correcto funcionamiento de las persianas que mitigan la entrada del sol,2024-02-05 00:00:00,Cerrado,,0
1688340,Diagonal,Montar mueble para piloto Advice Lab en oficina,2024-02-06 00:00:00,Cerrado,,0
1616117,Gijón,La sala de reuniones vuelve a oler mal. La obra del A/A no ha solucionado el problema,2024-02-07 00:00:00,Cerrado,,0
1633650,Costa Rica,Gotera en el sótano,2024-02-14 00:00:00,Cerrado,,0
1621094,Gijón,"Hola, necesitamos que se cambie una cerradura de una taquilla del vestuario porque hemos perdido la llave. Gracias",2024-02-15 00:00:00,Cerrado,,0
1636497,Gijón,"Luz fundida en planta 1, por favor luz cálida",2024-02-15 00:00:00,Cerrado,,0
1637192,Zaragoza,La puerta de acceso a la oficina no hace contacto para que se cierre en automático. Si queremos que se cierre tenemos que poner la llave porque no hace contacto en automático lo que dificulta la hora de cierre al medio día y por la tarde. Cambio de Muelle.,2024-02-15 00:00:00,Cerrado,,0
1650960,Las Palmas,URGENTE PERDIDA DE AGUA POR UN PLAFON Y PRODUCE CORTO MITAD DE OFICINA A OSCURAS- Tenemos la mitad de la oficina sin luz porque esta haciendo corto por una pérdida de agua,2024-02-21 00:00:00,Cerrado,,0
1651757,Valencia,"SUMINISTRO Y SUSTITUCION DE 4 LUCES EMERGENCIA (ZONA OFFICE, PLTA 1ª EN ZONAS ACCESO ASCENSOR Y CUARTO DE MÁQUINAS)",2024-02-21 00:00:00,Cerrado,,0
1664083,Murcia,SUMINISTRO Y SUSTITUCION DE 7 LUCES DE EMERGENCIA Y REVISAR PUNTO DE LUZ AVERIADO  (PANTALLA SIN SERVICIO),2024-02-26 00:00:00,Cerrado,,0
1656615,Sevilla,Mal olor en la oficina,2024-02-28 00:00:00,Cerrado,,0
1669345,Valencia,Necesitamos se repare el cajón del cual adjunto foto.,2024-02-28 00:00:00,Cerrado,,0
1669916,Santander,"El cableado no se encuentra recogido ni embridado, el cable principal de conexión al PC no es demasiado largo. Es en los puestos de atención al clientes",2024-02-28 00:00:00,Cerrado,,0
1669919,Meridiana,"Reposición de las siguientes luces: 1 fluorescente 36W 840, 6 PLC 26W 4 PIN 840. Además necesitamos realizar la instalación de un down light, en el vestuario masculino, que no tiene instalación hecha, para lo que es necesario: 3m de cable 3x1,5.",2024-02-28 00:00:00,Cerrado,,0
1669945,Meridiana,Necesitamos cambiar un ojo de buey en baño adaptado- El ojo de buey es de los pequeños.,2024-02-28 00:00:00,Cerrado,,0
1675044,Córdoba,"El botón de salida de la puerta principal no funciona, no abre la puerta",2024-03-01 00:00:00,Cerrado,,0
1682686,Meridiana,NO HA ACUDIDO NADIE A HACER LA LIMPIEZA-La persona de la limpieza ya nos dijo que no vendría a partir de Marzo (a pesar de que nosotros estamos encantados con ella) que la empresa solo le cotizaba por 30 horas y hoy ya no nos han enviado a nadie,2024-03-04 00:00:00,Cerrado,,0
1682852,Mostoles,"después de un acto vandálico, necesitamos que vengan a desarmar los 2 puestos PADS que ha roto un cliente",2024-03-04 00:00:00,Cerrado,,0
1685317,Oviedo,RETIRAMOS CINTA DE CARROCERO QUE HABÍA QUEDADO EN LA PARTE SUPERIOR DEL ESCAPARATE PRINCIPAL DE LA OFICINA Y QUEDA PINTURA QUE DEBERÍAMOS RETIRAR CON ALGÚN PRODUCTO ESPECÍFICO PARA ELLO,2024-03-05 00:00:00,Cerrado,,0
1685470,Valencia,REVISAR ROTULOS DE LA PRIMERA PLANTA - NO DEJAN DE PARPADEAR,2024-03-05 00:00:00,Cerrado,,0
1685564,Santander,La silla que se encuentra en el puesto PAD no rueda correctamente,2024-03-05 00:00:00,Cerrado,,0
1685906,Costa Rica,"SALVAESCALERAS ESTROPEADA DESDE 20 FEBREO, HAN INTENTADO RPARARLA SIN EXITO.URGENTE, TENEMOS RECLAACIONES DE CLIENTES",2024-03-05 00:00:00,Cerrado,,0
1688263,Bilbao,FOCO QUE SE ENCIENDE Y SE APAGA SOLO - ACUDIR A LA HORA DEL ALMUERZO PARA REALIZAR CORTE DE LUZ,2024-03-06 00:00:00,Cerrado,,0
1688339,Costa Rica,"NECESITAMOS QUE VEGAN A INSTALAR EL MOBILIARIO NUEVO DEL PILOTO ASESORAMIENTO INVERSION-SILLAS, MUEBLE PEQUEÑO (TIPO APARADOR), MADRES TIPO BIOMBO SEPARADOR",2024-03-06 00:00:00,Cerrado,,0
1688565,Valencia,Tenemos el WC de clientes embozado,2024-03-06 00:00:00,Cerrado,,0
1690840,Gijón,"Hola, no tenemos luz en uno de los vestuarios.",2024-03-07 00:00:00,Cerrado,,0
1691105,Las Palmas,"PUERTA PRINCIPAL NO CIERRA - Debido al fuerte viento sufrido en la Isla, la puerta principal de la oficina no cierra correctamente. Podemos revisar con la emnpresa que instalo la puerta Elpegar?",2024-03-07 00:00:00,Cerrado,,0
1700766,Mostoles,TENEMOS DOS FOCOS FUNDIDOS EN EL FONDO DE LA OFICINA,2024-03-11 00:00:00,Cerrado,,0
1700833,Mostoles,TENEMOS FUNDIDA PARTE DE LA ILUMINACION EXTERIOR DE LA OFICINA DESDE HACE 1 AÑO- REVISAR LA LUZ DE LOS ROTULOS PUBLICITARIOS EXTERIORES,2024-03-11 00:00:00,Cerrado,,0
1703842,Cordoba,Puerta baño empleados con maneta rota,2024-03-13 00:00:00,Cerrado,,0
1706203,Valencia,Tenemos un armario con la cerradura rota - Necesitamos por favor una nueva cerradura.,2024-03-13 00:00:00,Cerrado,,0
1706245,Cordoba,"Mesa gestor desanclada, con movimiento constante. Retirar mampara covid y reparar mesa",2024-03-13 00:00:00,Cerrado,,0
1706390,Bilbao,"PUERTA DEL BAÑO ROZA CON EL SUELO-La puerta del Baño de clientes roza con el suelo, y es difícil poder cerrar la misma. Es posible que la puerta esté un poco ""descolgada"" y por eso roza con el suelo al abrir y cerrar.",2024-03-13 00:00:00,Cerrado,,0
1711797,Alicante,LA PUERTA CHIRRIA MUY FUERTE - Hace demasiado ruido cuando se cierra automáticamente.,2024-03-15 00:00:00,Cerrado,,0
1723572,Diagonal,LA PESTAÑA QUE ABRE/CIERRA LA PUERTA PRINCIPAL DE ENTRADA SE QUEDA ATASCADA- SE ADJUNTA FOTO,2024-03-15 00:00:00,Cerrado,,0
1800694,Valencia,"Tenemos un cajón, en la planta alta, en la mesa más alejada de la salita de reuniones, que está roto.",2024-03-16 00:00:00,Cerrado,,0
1720854,Gijón,"Hola, nos han colocado filtros de carbono en el aire y para evitar malos olores también unas ""gominolas "" que deben quitar porque el olor es muy fuerte y marea.",2024-03-19 00:00:00,Cerrado,,0
1720753,Zaragoza,PINTADA EN FACHADA,2024-03-20 00:00:00,Cerrado,,0
1723447,Valencia,"Hola, no nos funciona el hilo musical, hemos apagado, esperado y vuelto a encender pero sigue sin funcionar",2024-03-20 00:00:00,Cerrado,,0
1729306,Valencia,Se ha roto la cerradura del aseo de clientes,2024-03-22 00:00:00,Cerrado,,0
1739731,Mostoles,"ATASCO EN EL WATER DEL BAÑO DE MINUSVALIDOS-ESTA MAÑANA HA AMANECIDO LA OFICINA CON UN ATASCO EN EL BAÑO DE MINUSVALIDOS, CON AGUA POR EL SUELO. NECESITAMOS QUE VENGAN A REVISARLO",2024-03-26 00:00:00,Cerrado,,0
1740187,Diagonal,Asistencia Técnica para subir y bajar cajero automático Planta 1 - 12/04/2024,2024-03-26 00:00:00,Cerrado,,0
1740337,Las Palmas,"Brazo hidráulico puerta principal suelto-En el día de ayer, debido a los fuertes vientos y a los golpes que da la puerta al cerrar se le ha caído un tornillo del brazo hidráulico, por lo tanto está suelto. Ruego revisar, también falta la tapa estética",2024-03-26 00:00:00,Cerrado,,0
1740357,Las Palmas,"WC PLANTA BAJA SIN TAPA Y CON PÉRDIDA DE AGUA-El Wc de la planta baja esta perdiendo agua por dentro del inodoro un ""hilito"" de agua y la tapa se ha roto.",2024-03-26 00:00:00,Cerrado,,0
1740358,Las Palmas,ABRAZADERA DEL RAC CON PERDIDA DE AGUA,2024-03-26 00:00:00,Cerrado,,0
1740443,Las Palmas,"El suelo nuevo que han puesto, se ha quedado levantado por un lado y es peligroso",2024-03-26 00:00:00,Cerrado,,0
1742724,Sabadell,FILTRACIÓN OFICINA SABADELL,2024-03-27 00:00:00,Cerrado,,0
1743048,Sevilla,Cisterna de baño privado masculino estropeada,2024-03-27 00:00:00,Cerrado,,0
1756216,Sabadell,SOLICITAMOS COMPRA PRODUCTO ADICIONAL SOLICITADO POR EMPLEADA DE LIMPIEZA,2024-03-27 00:00:00,Cerrado,,0
1743183,Tenerife,"EL BAÑO ESTA PERDIENDO BASTANTE AGUA, HEMOS CERRADO LA LLAVE DE PASO DEL WC PERO SIGUE SALIENDO BASTANTE AGUA PODEMOS MANDAR ALGUN TECNICO DE URGENCIA",2024-03-28 00:00:00,Cerrado,,0
1759231,Las Palmas,Biombo roto - Cliente tropieza con un biombo de los cajeros y se ha roto. Rogamos reparación,2024-04-02 00:00:00,Cerrado,,0
1759261,Las Palmas,"TAPA ENCHUFE TV TURNOS- Buenos días, tenemos unos enchufes de la planta baja sin tapa y los cables sueltos, se adjunta foto. Solicitamos reposición",2024-04-02 00:00:00,Cerrado,,0
1759344,Sabadell,"LA MANETA INTERIOR DE LA PUERTA DEL DESPACHO SE HA ROTO - Necesitamos que se cambie la maneta interior del despacho de la oficina, ya que se ha roto.",2024-04-02 00:00:00,Cerrado,,0
1759442,Acacias,"Esta pasada noche ha estado toda la maquinaria de climatización funcionando a tope, creo que con las modificaciones del cambio de hora se os debe haber desconfigurado.",2024-04-02 00:00:00,Cerrado,,0
1764797,Las Palmas,"Máquina de aire acondicionado con fuga grande de agua, cuarto del aire lleno de agua y pasando al cuarto contiguo y afectando la pared colindante. LAS PALMAS",2024-04-04 00:00:00,Cerrado,,0
1764821,Costa Rica,"OFICINA COSTA RICA, VINILOS PUERTA METALICA EXTERIOR",2024-04-04 00:00:00,Cerrado,,0
1767858,Costa Rica,"MONTAJE BIOMBO SEPARADOR PILOTO ADVICE- COSTA RICA, MONTAJE BIOMBO SEPARADOR",2024-04-05 00:00:00,Cerrado,,0
1775710,Oviedo,"SE HA FUNDIDO UNA DE LAS LUCES DE LOS GESTORES- BUENOS DÍAS. SE HA FUNDIDO UNA DE LAS LUCES DE LAS MESAS DE LOS GESTORES, ES URGENTE (SE VE MUCHO). GRACIAS.",2024-04-08 00:00:00,Cerrado,,0
1779145,Diagonal,El grifo derecho del vestuario de mujeres de la planta -2 pierde agua,2024-04-09 00:00:00,Cerrado,,0
1781192,Las Palmas,Necesitamos la revisión de cableado de red de una de las impresoras,2024-04-10 00:00:00,Cerrado,,0
1784299,Tenerife,El flotador del wc no funciona correctamente con lo que esta malgastando agua,2024-04-11 00:00:00,Cerrado,,0
1784359,Tenerife,El fuelle de cierre de la puerta de cristal de la sala de reuniones no funciona,2024-04-12 00:00:00,Cerrado,,0
1795924,Oviedo,"El detector de movimiento de uno de los baños no funciona correctamente, por favor que vengan a revisarlo. Gracias",2024-04-15 00:00:00,Cerrado,,0
1795925,Oviedo,SUSTITUCIÓN LUZ GESTOR INCORRECTA,2024-04-15 00:00:00,Cerrado,,0
1797863,Vigo,Foco techo no funciona - Es el foco que está en el techo en el inicio de la escalera a la primera planta,2024-04-16 00:00:00,Cerrado,,0
1803503,Diagonal,SALTA ALARMA BOMBA DE ACHIQUE,2024-04-18 00:00:00,Cerrado,,0
1817462,Sevilla,NECESITAMOS CAMBIO DE LUZ EN BAÑO MASCULINO PLANTA ALTA,2024-04-23 00:00:00,Cerrado,,0
1817481,Costa Rica,"REPARACION CRISTAL PUERTA ACCESO - SUSTITUCION CRISTAL, URGENTE",2024-04-23 00:00:00,Cerrado,,0
1817482,Santander,En un baño la cisterna pierde y en otro baño el agua sube al tirar de la cisterna sube mucho el agua,2024-04-23 00:00:00,Cerrado,,0
1819891,Acacias,COLOCAR BURLETES EN LAS PUERTAS EXTERIORES,2024-04-24 00:00:00,Cerrado,,0
1822046,Granada,"SE HA PARTIDO EL SOPORTE QUE UNE LA PATA CON LA MESA DE UNO DE LOS GESTORES
YA HA PASADO EN ALGUNA MESA MAS Y HAN MANDADO  CARPINTERO QUE LO HA SOLUCIONADO, NECESITAMOS PF QUE VENGAN CON URGENCIA YA  NO TENEMOS MAS MESAS Y UN COMPAÑERO NO PUEDE TRRABAJAR.",2024-04-25 00:00:00,Cerrado,,0
1822629,Alicante,Adhesivo anti acido en cristal espaparate. NEcesitamos sustituir el adhesivo transparente que se colocó en los cristales de fachada de la oficina ya que están deteriorados y han perdido transparencia.,2024-04-25 00:00:00,Cerrado,,0
1835478,Cádiz,Están fundidas las luces de emergencia,2024-04-30 00:00:00,Cerrado,,0
1835625,Valencia,"Durante el fin de semana nos han hecho unas pintadas - Hola, adjunto fotos de las pintadas que nos han hecho en los cristales y pared de la fachada.",2024-04-30 00:00:00,Cerrado,,0
1835711,Valencia,Necesitamos retirar los soportes de la foto que hay encima de las ingresadoras,2024-04-30 00:00:00,Cerrado,,0
1836400,O'donell,"LA PUERTA DE ACCESO PRINCIPAL A LA OFICINA NO CIERRA.El muelle de la puerta principal de oficina está dañado y la puerta, al cerrarse, se queda abierta. Roza el muelle con el canto superior de la puerta y hace que esta se quede abierta y no cierre",2024-04-30 00:00:00,Cerrado,,0
1852341,Diagonal,El zócalo de la puerta de emergencia está roto. Adjunto foto.,2024-05-06 00:00:00,Cerrado,,0
1854751,Diagonal,"NECESITAMOS UN TECNICO PARA INSATALAR TV EN LA SALA DE REUNIONES - LA TV LA TENEMOS EN LA OFICINA ES NUEVA , MODELO DB55E SAMSUMG 55PÙLGADAS , ADJUNTO FOTOS CON EL DETALLE",2024-05-07 00:00:00,Cerrado,,0
1857735,Granada,"Se ha vuelto a soltar el tablero de la mesa que arreglaron la semana pasada, necesitamos que por favor llamen a un carpintero para que nos la arregle. Gracias.",2024-05-08 00:00:00,Cerrado,,0
1861097,Valladolid,CONSERVACION INADECUADA DE INFRAESTRUCTURAS - ARQUETAS O BAJANTES ROTAS - HAY QUE CERRARLAS,2024-05-09 00:00:00,Cerrado,,0
1863269,Santander,Los 2 cisternas que tenemos en la planta -1. No pasa siempre pero se llena de agua casi hasta arriba,2024-05-10 00:00:00,Cerrado,,0
1863299,Diagonal,Limpieza de las repisas entre planta y planta. Adjunto foto,2024-05-10 00:00:00,Cerrado,,0
1874040,Tenerife,Una de las persianas que cubre cristalera no funciona,2024-05-14 00:00:00,Cerrado,,0
1879768,Valencia,"Buenas, necesitamos se pinte el desconchado que hay en la planta alta, junto a la puerta salida de emergencia frente a la salita. Adjunto foto.",2024-05-16 00:00:00,Cerrado,,0
1880191,Gijón,"El kiosko KPWOD1400001 de Gijón ha dejado de funcionar, el martes 14/05 se cambió de puerto y funcionó solamente ese día, anteriormente ya se le había cambiado también de puerto, hay que reemplazar el cable de comunicaciones.",2024-05-16 00:00:00,Cerrado,,0
1890018,Valencia,Han roto el anclaje del lavabo en el aseo de clientes,2024-05-20 00:00:00,Cerrado,,0
1890038,Las Palmas,Tenemos una mesa de gestores con el taco que sirve de apoyo suelto y la mesa baila. PUESTO 7 DESANCLADO,2024-05-20 00:00:00,Cerrado,,0
1890060,Las Palmas,FALSO TECHO SIN PLACA EN CUARTO DE LIMPIEZA - COLOCARLA,2024-05-20 00:00:00,Cerrado,,0
1892914,Acacias,SE HA ROTO EL MUELLE DE LA PUERTA PRINCIPAL - FALLA EL MUELLE QUE HACE QUE LA PUERTA PRINCIPAL SE CIERRE CADA VEZ QUE SE ABRE,2024-05-21 00:00:00,Cerrado,,0
1896766,Salamanca,Se ha bloqueado la puerta de salida de Salamanca y se ha tenido que contactar con CBRE de urgencia,2024-05-22 00:00:00,Cerrado,,0
1899093,Meridiana,En el baño de hombres había un jabonero collado a la pared que se ha caído. (los anclajes a la pared se han soltado por la presión al apretar para que salga el jabón). Rogamos realicen instalación con nuevos agujeros para evitar suceda de nuevo,2024-05-23 00:00:00,Cerrado,,0
1901884,Diagonal,"La puerta de emergencia que va de la -1 a la 0 está rota, no se abre. Adjunto foto.",2024-05-24 00:00:00,Cerrado,,0
1910339,Mostoles,Cableado de Red - Tras obras la impresora 2ER42342 no tiene conexión de Red. Se ha verificado que al puerto asignado si se llega pero no a la impresora,2024-05-27 00:00:00,Cerrado,,0
1910362,Gijón,La cisterna del baño de la planta baja pierde agua y necesitamos la placa de metal para tirar porque no tiene. Gracias,2024-05-27 00:00:00,Cerrado,,0
1910949,Mostoles,El aire acondicionado de ODonnell no funciona no sale aire frio Oficina en 27 grados,2024-05-27 00:00:00,Cerrado,,0
1910969,Valencia,El lavabo de clientes está obstruido y no traga el agua.,2024-05-27 00:00:00,Cerrado,,0
1911010,Alicante,NO FUNCIONA BIEN EL AIRE - En la parte de abajo de la oficina hay una gran sensacion de calor y el aire acondicionado no tira lo suficiente para enfriar la sala todo el día.,2024-05-27 00:00:00,Cerrado,,0
1911036,Valencia,"Hay un agujero en la salita por tapar, adjunto foto, no sé a qué corresponde- Está cerca del suelo en el pilar junto a la puerta.",2024-05-27 00:00:00,Cerrado,,0
1914004,Málaga,NECESITAMOS GRIFO NUEVO PARA EL BAÑO DE CLIENTES. NOS LO HAN ROBADO,2024-05-28 00:00:00,Cerrado,,0
1919276,Gijón,"Hola, Necesitamos que nos limpien los filtros más frecuentemente ya que la obra de la fachada está haciendo que entre mucho polvo. Gracias",2024-05-30 00:00:00,Cerrado,,0
1919655,Gijón,La puerta exterior no abre bien,2024-05-30 00:00:00,Cerrado,,0
1919685,Palma de Mallorca,Asistencia cliente el 06 de junio a las 10:00 y revisión sucursal,2024-05-30 00:00:00,Cerrado,,0
1920010,Cádiz,LOS AIRES ACONDICIONADOS NO ENFRIAN - NECESITAMOS CON URGENCIA REVISIÓN,2024-05-30 00:00:00,Cerrado,,0
1922380,Meridiana,El botón para activar la cisterna del WC del baño de caballeros en la oficina de BCN Meridiana está atascada,2024-05-31 00:00:00,Cerrado,,0
1931143,Sabadell,Uno de los inodoros del vestuario de chicos de la oficina pierde agua y necesitamos que se acuda a dar solución.,2024-06-03 00:00:00,Cerrado,,0
1937961,Diagonal,Presencia de cucarachas en varia zonas de la oficina,2024-06-05 00:00:00,Cerrado,,0
1940816,Valladolid,EL AIRE ACONDICIONADO NO ENFRÍA-YA HA PASADO MÁS VECES Y SUELE SER PORQUE LAS ENTRADAS DE AIRE ESTÁN COLMATADAS POR POLVO Y POLEN DE LOS ÁRBOLES. SUELEN NECESITAR ESCALERA PARA ACCEDER A LA ENTRADA DEL AIRE,2024-06-06 00:00:00,Cerrado,,0
1941080,Murcia,Cerradura puerta de sala rota. Se cayó una pieza de la cerradura de la puerta de la sala e impide cerrarla,2024-06-06 00:00:00,Cerrado,,0
1944534,Diagonal,La puerta de acceso principal hace mucho ruido al abrir y cerrarse. Chirría y produce un ruido muy desagradable.,2024-06-07 00:00:00,Cerrado,,0
1944955,Diagonal,REVISAR HUMEDADES COLUMNAS SOTANO 2 - SELLAR COLUMNAS Y ARQUETAS - SE ADJUNTAN FOTOS,2024-06-07 00:00:00,Cerrado,,0
1953888,Gijón,Tenemos 3 focos fundidos,2024-06-10 00:00:00,Cerrado,,0
1960654,Murcia,"LA LLAVE DE LA LUZ INTERIOR QUE ES UNA RUEDA CON TRES PUNTOS ESTÁ PASADA DE ROSCA Y NO SE PUEDE MANIPULAR  - SOLUCION PROVISIONAL, FALTA RUEDA DEFINITIVA",2024-06-12 00:00:00,Cerrado,,0
1964901,Bilbao,"Se ha perdido la llave de una taquilla y esta cerrada, no podemos abrirla. La cerradura es muy basica, como de un buzon. Necesitamos abrirla y sustituir cerradura. NO ES URGENTE-",2024-06-13 00:00:00,Cerrado,,0
1966916,Santa Engracia,"La cerradura de la puerta de entrada está estropeada y la puerta no cierra, por favor podéis enviar técnico para solucionarlo? Gracias -",2024-06-14 00:00:00,Cerrado,,0
1966940,Santa Engracia,"Se ha caído el manillar de la puerta del RAC (adjunto foto), el marco de la puerta por dentro está suelto y la puerta no cierra correctamente, por favor, podéis remediar? Gracias - VIRIATO",2024-06-14 00:00:00,Cerrado,,0
1967345,Santa Engracia,"Dispensador jabón baño discapacitados- Es un dispensador metálico colgado a la pared, hay holgura en los tornillos y se cae, por favor lo podéis reparar? Gracias!",2024-06-14 00:00:00,Cerrado,,0
1976661,Bilbao,Rotura de Termo-Hemos llegado a la Oficina y estaba el baño de clientes lleno de agua. El agua sale del termo. Hemos tenido que cortar el agua ya que no conseguíamos parar la salida de agua.,2024-06-17 00:00:00,Cerrado,,0
1983278,Meridiana,oficina bcn meridiana...tenemos el desagüe del grifo de la cocina roto. necesitamos técnico para repararlo. Gracias,2024-06-19 00:00:00,Cerrado,,0
1983301,Gijón,"Por la tormenta de ayer varias luces parpadeas, urge por favor revisar ya que es muy molesto.",2024-06-19 00:00:00,Cerrado,,0
1986742,Diagonal,No funcionan varias de las luces de planta 0,2024-06-20 00:00:00,Cerrado,,0
1986961,Las Palmas,BRAZO HIDRAULICO AVERIADO - Puerta averiada,2024-06-20 00:00:00,Cerrado,,0
1990101,Cádiz,"EL GRIFO PIERDE AGUA, HAY QUE CAMBIARLO",2024-06-21 00:00:00,Cerrado,,0
1996556,Sevilla,Tenemos una gotera del aire - Gotera del falso techo donde se sitúan las máquinas de aire,2024-06-24 00:00:00,Cerrado,,0
2000173,Santander,"Olor a alcantarilla Planta -1 - En planta -1 , en los 2 baños hay un olor muy fuerte de aguas fecales.",2024-06-25 00:00:00,Cerrado,,0
2009129,Mallorca,Volvemos a tener una ola de cucarachas en los vestuarios,2024-06-28 00:00:00,Cerrado,,0
2009154,Mallorca,La puerta de entrada empieza a descolgarse del marco,2024-06-28 00:00:00,Cerrado,,0
2009566,Oviedo,"NECESITAMOS QUE VENGAN A REVISAR LA CERRADURA DE LA PUERTA DE ACCESO A LA OFICINA, HAY QUE CAMBIAR LA CERRADURA YA QUE LLEVAMOS MESES CON PROBLEMAS Y AHORA YA AUNQUE ECHEMOS 3en1 SIGUE CERRANDO MAL. GRACIAS.",2024-06-28 00:00:00,Cerrado,,0
2022179,Diagonal,Pintada en el cristal superior del cajero externo,2024-07-02 00:00:00,Cerrado,,0
2026249,Cádiz,EL CUARTO DE BAÑO DESPRENDE MUY MALOS OLORES,2024-07-03 00:00:00,Cerrado,,0
2028755,Oviedo,"HA DEJADO DE FUNCIONAR EL AIRE ACONDICIONADO EN LA OFICINA DE OVIEDO, NECESITAMOS QUE VENGAN A REVISARLO LO ANTES POSIBLE",2024-07-04 00:00:00,Cerrado,,0
2032287,Cádiz,SOLICITAMOS RENOVACIÓN DE LAS 2 TAPAS DEL INODORO POR MAL ESTADO,2024-07-05 00:00:00,Cerrado,,0
2032351,Valladolid,"En la parte de arriba de la oficina hace mucho calor y el display de las máquinas de aire, hay una luz roja parpadeando. Por favor tratarlo como algo urgente porque la temperatura que se alcanza es alta",2024-07-05 00:00:00,Cerrado,,0
2032735,Meridiana,Tenemos una bombilla fundida en la lámpara de la entrada a la oficina,2024-07-05 00:00:00,Cerrado,,0
2044833,Málaga,"Necesitamos arreglo del whats and mouchi, la puerta no cierra bien y el pulsador de mesa no para de sonar.",2024-07-09 00:00:00,Cerrado,,0
2044857,Meridiana,Zócalo despegado en pared entrada a zona privada - tenemos un zócalo despegado de la pared en la zona de acceso a la zona de personal.,2024-07-09 00:00:00,Cerrado,,0
2048415,Móstoles,Tenemos unas pintadas en la fachada y en los cajeros. necesitamos que vengan a limpiarlas.,2024-07-10 00:00:00,Cerrado,,0
2051151,Cádiz,LOS AIRES NO ESTÁN ENFRIANDO URGENTE,2024-07-11 00:00:00,Cerrado,,0
2054138,Acacias,Suministro / sustitución de bloques autónomos de emergencia,2024-07-12 00:00:00,Cerrado,,0
2054140,Mallorca,"La puerta principal de entrada se ha vuelto a descolgar, no se cierra aunque tengamos conectado el watchi ¬ Mochi - Necesitamos urgente que se repare pq la puerta queda abierta aun conectado el watch and mochi",2024-07-12 00:00:00,Cerrado,,0
2054353,Acacias,Suministro y colocación de filtros recuperador,2024-07-12 00:00:00,Cerrado,,0
2224888,Vigo,Fallo en foco de luz de las escaleras - Foco que está en la planta baja.,2024-07-12 00:00:00,Cerrado,,0
2067289,Alicante,"Esta mañana hemos entrado en la oficina y uno de los estores estaba en el suelo, se ha descolgado. Aparentemente el estore no se ha roto, simplemente es volverlo a colocar.",2024-07-16 00:00:00,Cerrado,,0
2070544,Santander,"Iluminación de muro corporativo - Buenos días, el muro corporativo de la planta baja está apagado. He comprobado los diferenciales y están todos arriba. Por favor, enviad técnico para revisión.",2024-07-17 00:00:00,Cerrado,,0
2084819,Zaragoza,MEDIDAS CORRECTORAS PROPUESTAS POR ANTICIMEX - HUECOS EN SALITA (CUARTO LIMPIEZA) DENTRO BAÑOS HOMBRES - SELLAR - ADJUNTO FOTO,2024-07-22 00:00:00,Cerrado,,0
2087968,Zaragoza,CHAPAS CAIDAS PUERTA OFICINA,2024-07-22 00:00:00,Cerrado,,0
2087990,Salamanca,"TAQUILLA ATASCADA - Tenemos una taquilla que no se puede abrir, se ha quedado atascada, neecsitamos que alguien venga a forzar la taquilla o cambiar el bombin de la llave",2024-07-23 00:00:00,Cerrado,,0
2087993,Granada,EL AIRE ACONDICIONADO NO ENFRÍA LO SUFICIENTE,2024-07-23 00:00:00,Cerrado,,0
2091981,Gijón,Cable del espejo de empleados está suelto.,2024-07-24 00:00:00,Cerrado,,0
2092008,Gijón,Necesitamos poner un par de baldas en cada baño de empleados para poder colocar productos de aseo,2024-07-24 00:00:00,Cerrado,,0
2097759,Granada,SUSTITUCION DE LUMINARIAS FUNDIDAS,2024-07-26 00:00:00,Cerrado,,0
2097957,Mostoles,NO FUNCIONA EL A/A,2024-07-26 00:00:00,Cerrado,,0
2107305,Diagonal,"La puerta d acceso principal se queda atascada y no cierra, hay q forzarla con la mano",2024-07-29 00:00:00,Cerrado,,0
2107376,Salamanca,Problemas con cableado de datos de TV en la oficina de Salamanca,2024-07-29 00:00:00,Cerrado,,0
2107826,Las Palmas,"SALIDA EXTERIOR DE AIRE - Necesitamos servicio para quitar el protector del balcon para impermeabilizar la pared, ya que se estan haciendo trabajos de reparacion de la fachada.",2024-07-29 00:00:00,Cerrado,,0
2111581,Murcia,TENEMOS UNA GOTERA IMPORTANTE JUNTO A LOS BAÑOS Y VESTUARIOS TENEMOS UN CUBO PUESTO PORQUE GOTEA CONTINUAMENTE,2024-07-30 00:00:00,Cerrado,,0
2111604,Acacias,AIRE ACONDICIONADO ACACIAS PLANTA BAJA - Ponemos aire acondicionado en planta baja de la oficina pero no enfría. En planta alta si que funciona.,2024-07-30 00:00:00,Cerrado,,0
2114576,Vigo,"Fallo en aire acondicionado - El aire falla, saltan los diferenciales cada pocas horas, además cuando está funcionando no le da para bajar la temperatura, estamos estos días sobrepasando los 30 grados dentro de la oficina",2024-07-31 00:00:00,Cerrado,,0
2120816,Gijón,"Hola, por favor revisar que el desagüe que genera olor en despacho está ok. Por favor no echar ningún producto de desinfección que luego se filtra el olor en la OFICINA. GIJÓN",2024-08-08 00:00:00,Cerrado,,0
2120820,Gijón,"Hola, tenemos fundida la luz del baño pequeño de empleados, planta 1.  GIJÓN",2024-08-08 00:00:00,Cerrado,,0
2129988,Diagonal,"El aire de la planta 2 no enfría bien, le falta potencia",2024-08-08 00:00:00,Cerrado,,0
2139784,Meridiana,"REPORTE HUMEDAD EN TECHO MERIDIANA 04/09 - FALTA PINTAR, IRAN EL LUNES 09/09",2024-08-08 00:00:00,Cerrado,,0
2152372,Tenerife,TENEMOS UNA GOTERA IMPORTANTE EN EL CUARTO VESTIDOR. VEMOS QUE LA MISMA VIENE DE UNA TUBERIA DE AIRE ACONDICIONADO,2024-08-12 00:00:00,Cerrado,,0
2155375,Gijón,"Hola, necesitamos cambiar los filtros de carbón activo pues volvemos a tener olores desde hace semanas. Gracias",2024-08-13 00:00:00,Cerrado,,0
2155685,Alicante,"No tenemos sensacion de que funcione bien el aire acondicionado como es habitual, mucho calor.",2024-08-13 00:00:00,Cerrado,,0
2158649,Diagonal,Hay algunas luces fundidas en el vestuario femenino de la planta -2,2024-08-14 00:00:00,Cerrado,,0
2173607,Diagonal,Uno de los zócalos de la planta 0 está levantado y podría lastimar a alguien,2024-08-19 00:00:00,Cerrado,,0
2177038,Salamanca,Tenemos 2 luces fundidas en la plante de arriba de la oficina de Salamanca y un halogeno del vestuario de las chicas. tambien se ha roto el interruptor del vestuario de los chicos y necesitamos que se cambie,2024-08-20 00:00:00,Cerrado,,0
2179925,Oviedo,Buenas. Necesitamos la sustitución de una de las bombillas que están en los focos que iluminan los cajeros interiores,2024-08-21 00:00:00,Cerrado,,0
2183025,Málaga,"Tenemos una persiana en la oficina de Málaga que se ha roto. Por favor, necesitamos asistencia de Técnico para su reparación",2024-08-22 00:00:00,Cerrado,,0
2205781,Sta Engracia,INSTALACIÓN DE PERCHEROS,2024-08-22 00:00:00,Cerrado,,0
2198856,Gijón,"La puerta de entrada chirría, hay qye echar 3 en 1.",2024-08-27 00:00:00,Cerrado,,0
2198879,O'donell,"La puerta de entrada a la oficina no cierra correctamente, se queda abierta y hay que empujarla para que cierre. Hay que ajustar el muelle.",2024-08-27 00:00:00,Cerrado,,0
2199080,Acacias,NO ENFRÍA EL AIRE EN PLANTA BAJA - EL AIRE ACONDICIONADO NO FUNCIONA EN PLANTA BAJA Y SE ACUMULA MUCHO CALOR,2024-08-27 00:00:00,Cerrado,,0
2201982,Bilbao,CIERRE DE LA PUERTA DEL RAC- SE HA SOLTADO EL MARCO DE LA PUERTA Y EL CIERRE DE SEGURIDAD. ADJUNTAMOS FOTO -,2024-08-28 00:00:00,Cerrado,,0
2202516,Tenerife,AIRE ACONDICIONADO DE TOBERA PEQUEÑA NO FUNCIONA. EL TÉCNICO NOS COMENTA QUE TIENE PERDIDA DE GAS. POR FAVOR SOLICITAMOS ASISTENCIA CUANTO ANTES,2024-08-28 00:00:00,Cerrado,,0
2202538,Tenerife,EL COMPRESOR DE AIRE ACONDICIONADO DEL RACK SE HA ROTO. NECESITAMOS POR FAVOR REEMPLAZARLO CON URGENCIA YA QUE EN ESE CUARTO LA TEMPERATURA ES MUY ALTA Y PUEDE AFECTAR A LAS COMUNICACIONES DE LA OFICINA,2024-08-28 00:00:00,Cerrado,,0
2205271,Alicante,"PUERTA CIERRA PEGANDO PORTAZO-La puerta de entrada no se cierra lentamente, si no que si se deja suelta pega un fuerte portazo. Al parecer se habrá aflojado demasiado el muelle y no retiene la puerta",2024-08-29 00:00:00,Cerrado,,0
2208472,Sabadell,NECESITAMOS RECOLOCAR EL ROTULO INDICADOR DE MESA YA QUE SE HA CAIDO,2024-08-30 00:00:00,Cerrado,,0
2208577,Alicante,REALIZAR OCA BAJA TENSIÓN,2024-08-30 00:00:00,Cerrado,,0
2218655,Valencia,SONIDO MOLESTO AIRE ACONDICIONADO- QUEJAS DEL VECINO - 04/09 Técnico revisando la instalación previamente a coordinar esa visita con el vecino - 09/09 HAN QUEDADO TECNICOS Y VECINO A LAS 08:00,2024-09-02 00:00:00,Cerrado,,0
2221200,Las Palmas,EL WC DE LA PLANTA BAJA PIERDE AGUA. 04/09,2024-09-03 00:00:00,Cerrado,,0
2221388,Las Palmas,SUELO ESTROPEADO - Justo en el puesto 3 el perfil colocado en el nuevo suelo se ha deteriorado. Se adjunta foto para su comprobación. Hemos intentado Pegarlo sin éxito. - 04/09,2024-09-03 00:00:00,Cerrado,,0
2221762,Bilbao,"Puerta sala reuniones desajustadas - Tras el mantenimiento de Oficina, la puerta de la sala de reuniones ha quedado mas desencajada. Solicito acuda de nuevo el tecnico a dejarla como estaba antes, Gracias",2024-09-03 00:00:00,Cerrado,,0
2054185,Vigo,Revision puertas oficinas - Revisión de las puertas de la oficina. Primera planta y planta baja. Especial la del baño. Algunas rozan suelo y marco y otras las manillas están sueltas.,2024-09-04 00:00:00,Cerrado,,0
2224886,Vigo,Fallo en foco de luz de las escaleras - Foco que está en la planta baja.,2024-09-04 00:00:00,Cerrado,,0
2240553,Sabadell,"CORRECTIVO -  INDICAN MANILLAR PUERTA BAÑO ESTROPEADO, SE ATIENDE Y SE PIDE MATERIAL , PENDIENTE CERRADO LUNES 09/09 ES FESTIVO EN SABADELL",2024-09-04 00:00:00,Cerrado,,0
2228025,Costa Rica,QUITAR MAMPARAS LATERALES MESAS GESTORES - PROBLEMA QUE AL QUITARLAS SE ROMPE ALGO LA MESA POR LO QUE HAY QUE PINTAR DE BLANCO LO DESCONCHADO. GRACIAS,2024-09-05 00:00:00,Cerrado,,0
2228718,Mallorca,"Split  A/A sala rack pierde agua, ha hinchado pta de acceso, está justo encima. La pta se ha hinchado, no cierra sin tener que empujarla con fuerza, lo mismo al abrir.Muelle que hace que se cierre sola sola no tiene efecto pq se queda trabada al final",2024-09-05 00:00:00,Cerrado,,0
2231116,Cordoba,Focos baño empleados - CORDOBA,2024-09-06 00:00:00,Cerrado,,0
2240485,Cadiz,Por favor enviad a un técnico a revisar el techo de la oficina. Han tenido una gotera el viernes pasado.,2024-09-09 00:00:00,Cerrado,,0
2243710,Diagonal,Se ha descolgado la puerta del mueble de recepción - PENDIENTE,2024-09-10 00:00:00,Cerrado,,0
2250207,Palma de Mallorca,Desmontaje y Montaje de equipos para instalación funda de mesas - PROGRAMADO POR CARLOS PARA EL 19/09 DE 14:00 A 16:00,2024-09-11 00:00:00,Cerrado,,0
2250212,Tenerife,Desmontaje y Montaje de equipos para instalación funda de mesas - PROGRAMADO POR CARLOS PARA EL 17/09 DE 14:00 A 16:00,2024-09-11 00:00:00,Cerrado,,0
2250233,Las Palmas,Desmontaje y Montaje de equipos para instalación funda de mesas - PROGRAMADO POR CARLOS PARA EL 18/09 DE 14:00 A 16:00,2024-09-11 00:00:00,Cerrado,,0
2250256,Sevilla,Cisterna de baño empleados estropeada,2024-09-12 00:00:00,Cerrado,,0
2250262,Sevilla,Iluminacion de cajero 24 horas interior de oficina estropeado,2024-09-12 00:00:00,Cerrado,,0
2250963,O'donell,EL AIRE ACONDICIONADO DE ODONNELL NO ENFRIA ESTA ENCENDIDO EN AUTOMATICO Y NO DISPARA AIRE FRIO,2024-09-12 00:00:00,Cerrado,,0
2276923,Alicante,Necesitamos retirar telefonos en puestos autoservicio y poner chapa blanca para tapar el hueco,2024-09-12 00:00:00,Cerrado,,0
2253343,Palma de Mallorca,El pomo interior de la puerta del rack se ha salido,2024-09-13 00:00:00,Cerrado,,0
2270588,Costa Rica,2 BALDOSAS SUELTAS - ADJUNTO FOTOS - SE HACE A PARTIR DEL 25/09,2024-09-13 00:00:00,Cerrado,,0
2289526,Gijón,"Hola, tenemos problemas para cerrar la puerta exterior hay que limpiar el contacto porque no lo reconoce y se queda abierta. Gracias -",2024-09-14 00:00:00,Cerrado,,0
2263472,Granada,REVISAR PUERTA DE ENTRADA - TIENE HOLGURA Y NO CIERRA CORRECTAMENTE. YA SE HA REVISADO EL MUELLE,2024-09-15 00:00:00,Cerrado,,0
2263728,Granada,REVISAR FOTOCELULA/SENSOR DE LOS ROTULOS EXTERIORES,2024-09-16 00:00:00,Cerrado,,0
2273628,Granada,LIMPIEZA A FONDO DEL SPLIT UBICADO EN SALA DE REUNIONES. DONDE SE SIENTA EL DIRECTOR DE LA SUCURSAL,2024-09-17 00:00:00,Cerrado,,0
2296726,Granada,RECUPERADOR - PROGRAMAR PARA QUE SALTE MÁS A MENUDO PARA EVITAR MALOS OLORES EN PASILLO AL LADO DE LA SALA DE JUNTAS.,2024-09-18 00:00:00,Cerrado,,0
2273995,O'donell,"ARREGLAR TRAMPILLA ACCESO A MAQUINAS, BISAGRA ROTA",2024-09-19 00:00:00,Cerrado,,0
2296670,Palma de Mallorca,"Los enchufes de la zona del sótano no funcionan, tan solo los enchufes de los vestuarios",2024-09-20 00:00:00,Cerrado,,0
2274415,Sabadell,La pila de la cocina está embozada,2024-09-21 00:00:00,Cerrado,,0
2264511,Santander,Solicito quitarlas mamparas de la planta baja de la oficina. Son las de separación entre mesas y una del PAD.Un saludo,2024-09-22 00:00:00,Cerrado,,0
2276997,Sevilla,Sale agua del aire del rac y está la zona un poco inundada  - 20/09 TECNICO ESTÁ DE CAMINO,2024-09-23 00:00:00,Cerrado,,0
2299998,Sevilla,MALOS OLORES - REVISAR LOS EXTRACTORES Y SISTEMA DE VENTILACION - PATINILLOS Y FALSOS TECHOS POR SI NO ES DE LOS EQUIPOS.,2024-09-24 00:00:00,Cerrado,,0
2263496,Tenerife,Fallo en motor maquina de expulsion de aire sala de maquinas  - NO LOCALIZAN PIEZAS MODELOS MUY ANTIGUOS  - SIGUEN BUSCANDO CON VARIOS PROVEEDORES,2024-09-25 00:00:00,Cerrado,,0
2270473,Tenerife,Solicitamos cambio cerradura puerta vestuario por rotura,2024-09-26 00:00:00,Cerrado,,0
2296618,Tenerife,Averia aire acondicionado sala de reuniones interior y exterior,2024-09-27 00:00:00,Cerrado,,0
2273599,Valencia,Tenemos un diferencial que salta frecuentemente y que está muy caliente - Necesitamos electricista que revise por qué se sobrecalienta el cuadro eléctrico y nos salta el diferencial. Gracias.,2024-09-28 00:00:00,Cerrado,,0
2240643,Zaragoza,MEDIDAS CORRECTORAS PROPUESTAS POR ANTICIMEX - HUECOS EN SALITA (CUARTO LIMPIEZA) DENTRO BAÑOS HOMBRES - SELLAR - ADJUNTO FOTO,2024-09-29 00:00:00,Cerrado,,0
2287106,Zaragoza,No cierra la puerta de acceso a la oficina. - ZARAGOZA,2024-09-30 00:00:00,Cerrado,,0
2311389,Salamanca,CORTINA CAJERO - Tenemos dos cortinas corredizas que tapan el cajero y se ha caido una de ellas. Necesitamos que alguien venga para volver a ponerla,2024-09-30 00:00:00,Cerrado,,0
2313691,Gijón,"Hola, vuelve a oler mal la sala de reuniones, necesitamos que se revise el desagüe. Gracias",2024-10-01 00:00:00,Cerrado,,0
2313718,O'donell,CAMBIO DE LUZ FUNDIDA EN CUARTO DE LIMPIEZA,2024-10-01 00:00:00,Cerrado,,0
2314709,O'donell,"Se ha revisado el cableado de red de la televisión de debajo de los cajeros pero no conecta, necesitamos que se acuda y se revise el cable que va por dentro de la pared y se indique a que roseta o puerto del patch panel queda conectado - 02 Y 03/10",2024-10-02 00:00:00,Cerrado,,0
2318012,Vigo,SUMINISTRO Y MONTAJE DE EQUIPO 1X1 CONDUCTOS ENTREPLANTA,2024-10-02 00:00:00,Cerrado,,0
2320835,Las Palmas,COLOCAR GUIA INFERIOR EN PUERTAS CORREDERAS CAJERO,2024-10-03 00:00:00,Cerrado,,0
2322025,O'donell,Ayer cambiaron la enfriadora del Aire Acondicionado pero hoy ha saltado en 3 ocasiones el automatico en el RAC,2024-10-03 00:00:00,Cerrado,,0
2322073,Diagonal,El lavabo del medio del wc de hombres de planta -1 pierde agua cuando se tira la cadena,2024-10-03 00:00:00,Cerrado,,0
2335084,Zaragoza,"Colgar un metacrilato en la pared para incluir dentro el plan de evacuación y emergencias. Cuando vengan al mantenimiento, nos tienen que anclar a la pared un metacrilato para colgar el plan de emergencias.",2024-10-07 00:00:00,Cerrado,,0
2335160,Tenerife,RETIRAR TERMOSTATO HITACHI QUE ESTÁ DENTRO DEL CUARTO CAJERO,2024-10-07 00:00:00,Cerrado,,0
2335210,Tenerife,ARREGLAR DE LA MEJOR MANERA POSIBLE BALDOSAS ROTAS,2024-10-07 00:00:00,Cerrado,,0
2335561,Cordoba,VISITA CONJUNTA ING Y CBRE - JUEVES 10 DE OCTUBRE A LAS 10:00,2024-10-07 00:00:00,Cerrado,,0
2335786,Sabadell,"AUDITORIA POR PARTE DE CBRE, REQUIEREN ASISTENCIA DE UN TÉCNICO EL MIERCOLES 6 DE NOVIEMBRE",2024-10-07 00:00:00,Cerrado,,0
2338515,Sta Engracia,"INCIDENCIAS CON LOS MARCOS DE LAS PUERTAS. 
Arreglar el marco interior de la puerta del rack 
Marcos de las puertas de todos los vestuarios desmontados
Revisar muelle puerta de entrada - Visita par el 11/10",2024-10-08 00:00:00,Cerrado,,0
2338668,Alicante,SUSTITUCION EMERGENCIAS FUNDIDAS,2024-10-08 00:00:00,Cerrado,,0
2338950,Cordoba,"Estor interior oficina no baja totalmente 
Colocar cable estor junto a puerta de emergencia
Mando de persianas oficina averiado, solicitamos 2 mandos de forma urgente",2024-10-08 00:00:00,Cerrado,,0
2339367,Cordoba,Tensar sujeción de backlight oficina  - VISITA 10/10,2024-10-08 00:00:00,Cerrado,,0
2342230,Cordoba,Parte tira LED cornisa superior gestores fundida 09/10,2024-10-09 00:00:00,Cerrado,,0
2345753,Cadiz,EL EXTRACTOR DEL CUARTO DE BAÑO ECHA  SUCIEDAD,2024-10-10 00:00:00,Cerrado,,0
2346569,Cordoba,Extraer enchufe en el almacén,2024-10-10 00:00:00,Cerrado,,0
2346576,Cordoba,Tapas puestos kioscos,2024-10-10 00:00:00,Cerrado,,0
2346605,Cordoba,REVISAR CONEXIÓN DESAGUE CON RECUPERADOR,2024-10-10 00:00:00,Cerrado,,0
2349456,Mostoles,"TENEMOS UNA GOTERA EN EL TECHO, QUE CREEMOS ES DEL CONDUCTO DEL AIRE ACONDICIONADO - NO HA LLOVIDO - ACUDEN 11/10",2024-10-11 00:00:00,Cerrado,,0
2359398,Diagonal,La puerta de acceso principal cruje mucho y hace un ruido insoportable - AVISADO,2024-10-14 00:00:00,Cerrado,,0
2363212,Málaga,LUMINARIAS FUNDIDAS - PENDIENTE,2024-10-15 00:00:00,Cerrado,,0
2363527,Diagonal,Se ha roto un fluorescente del wc de la planta -1. Adjunto fotos. AVISADO,2024-10-15 00:00:00,Cerrado,,0
2366976,Acacias,"SE HA ROTO LA CINTA QUE RECUBRE LA PUERTA DE ACCESO, CONCRETAMENTE EL PLÁSTICO NEGRO DE LA PARTE DE ABAJO, SE HA SOLTADO Y LO HEMOS TENIDO QUE RETIRAR POR LO QUE QUEDA UN HUECO",2024-10-16 00:00:00,Cerrado,,0
2367092,Cadiz,SPLITS DE AIRE ACONDICIONADO NO FUNCIONAN - CUANDO SE ENCIENDE EL AIRE SE QUEDAN LAS LUCES PARPADEANDO Y NO SALE AIRE FRÍO - AVISADO,2024-10-16 00:00:00,Cerrado,,0
2367562,Diagonal,No funciona el segundo grifo del wc de la -1 - AVISADO,2024-10-16 00:00:00,Cerrado,,0
2373773,Sevilla,VISITA CONJUNTA ING Y CBRE - JUEVES 24 DE OCTUBRE A LAS 10:30,2024-10-18 00:00:00,Cerrado,,0
2387124,Cordoba,CERRADURA PUESTO PAD - UNO DE LOS PUESTOS QUE TIENE UNA PUERTECILLA TIENE LA CERRADURA MAL PUESTA Y NO CIERRA CORRECTAMENTE - SE VEN TODOS LOS CABLES  - ACUDEN EL 23/10,2024-10-22 00:00:00,Cerrado,,0
2390385,Cordoba,INSTALAR ENCHUFE EN EL ALMACEN,2024-10-23 00:00:00,Cerrado,,0
2390923,Oviedo,"HAN VENIDO A CAMBIAR LA HORA DEL HILO MUSICAL PERO NECESITAMOS QUE EL HORARIO SEA COMO EL DE LA OFICINA, QUE AHORA TIENE HORARIO CONTINUO, SIN INTERRUPCIÓN AL MEDIO DÍA. HORARIO SERÍA  8:30 A 18:30 DE LUNES A JUEVES, VIERNES DE 09 A 15:00",2024-10-23 00:00:00,Cerrado,,0
2391813,Valencia,"Subsanar deficiencia para evitar entrada de roedores. Hay una ranura entre el suelo y el pladur, debajo de los armarios de la cocina, hay que quitar el embellecedor. Sellar grieta y oquedadas.",2024-10-23 00:00:00,Cerrado,,0
2394910,Sevilla,Regular estor para la altura al suelo,2024-10-24 00:00:00,Cerrado,,0
2394932,Sevilla,Regular canal de aire de sala de reuniones,2024-10-24 00:00:00,Cerrado,,0
2394933,Sevilla,Pegar correctamente placas de autoservicio,2024-10-24 00:00:00,Cerrado,,0
1370868,Costa Rica,SOLICITAMOS PINTAR DE NARANJA LA PUERTA EXTERIOR DE ACCESO DE LA OFICINA DE COSTA RICA. LA PUERTA ES LA DE ACCESO CALLE METALICA NARANJA,,Cerrado,,0
1370869,Valencia,"Buenas, necesitamos se pinte el techo en la planta +1 ya que debido a humedades está amarillento tal cual muestra la foto adjunta. Gracias.",,Cerrado,,0
950429,Palma ,"Hace un par de semanas se ha instalado un sistema de purificación de agua para instalar una fuente de agua potable, el sistema pierde por una de las juntas. Creo que la empresa instaladora es Aquaservice",,Cerrado,,0
1817443,Sevilla,BAÑO DE EMPLEADO DE ZONA BAJA ACUMULA HUMEDAD Y PUEDE TENER UNA PERDIDA,23/4/024,Cerrado,,0
SR5541797,Las Palmas,TECHO PLANTA ALTA ROTO RUTURA DE AGUA,29/1272021,Cerrado,,0
2048283,Acacias,SE HA ROTO EL TIRADOR DE LA PUERTA DE LA CALLE. EN PRINCIPIO PARECE DE SOLDADURA,7/!0/2024,Cerrado,,0
1023823,Acacias,"necesitamos una limpieza del patio de la parte trasera de la oficina de acacias, esta muy sucio el suelo y hay muchas hojas e insectos",No tenemos,Cerrado,,0
991187,Zaragoza,"Buenas tardes, necesitamos 4 sillas de clientes, se han roto. Hemos sutituido por las de la sala, pero si se rompe una más ya no tendríamos para sustituir para que los clientes se puedan sentar. Rogamos nos envíen lo antes posible.Gracias",SF,Cerrado,,0
1406752,Sabadell,"Diversas losetas vinílicas del suelo de la oficina se han levantado, están despegadas o en mal estado. En el falso muro de cajeros algunas se están levantando y necesitan fijarse 
adecuadamente antes de que se caigan.",,Cerrado,,0
SR55115294,Palma ,Vinilo exterior cajeros 4B roto y agujereado con un diametro de unos 30 centimetros,,Cerrado,,0
SR5515223,Palma ,Gotera en el techo del pasillo de los baños,,Cerrado,,0
SR5598549,Costa Rica,CONTROL PLAGA HORMIGAS,,Cerrado,,0
SR5599698,Diagonal,"LIMPIEZA -2 , PINTURAS, MATERIAL INFLAMABLE, MATERIAL ANTIGUO ING",,Cerrado,,0
SR5601417,Córdoba,pomos puertas zona interior oficina,,Cerrado,,0
SR5610082,Costa Rica,Chapas puestos de autoservicio,,Cerrado,,0
SR5737474,Córdoba,Mesas cojas,,Cerrado,,0
2409349,Móstoles,"Tenemos una gotera en el techo debido a problemas con el sistema de climatizacion. Ya han venido 3 veces a ver las goteras, pero sigue cayendo agua. necesitamos una solución urgente- AVISADO - ACUDEN EL 28/10-SE HA ROTO OTRA BOMBA DE CONDENSADOS. AVISADO SEIJO, HABLARA CON DAIKIN YA QUE NO ES NORMAL QUE SE HAYAN REALIZADO YA 3 INDICENCIAS CON FUGA DE AGUA EN EQUIPOS NUEVOS INSTALADOS ESTE VERANO.- SE ENCARGAR CARLOS CON LOS INSTALADORES DE LOS NUEVOS EQUIPOS EN GARANTIA Y QUE ESTÁN FALLANDO",2024-10-28 00:00:00,Cerrado,,0
2409419,Diagonal,El pestillo de la puerta del wc de minusválidos no cierra - AVISADO,2024-10-28 00:00:00,Cerrado,,0
2413872,Valencia,Necesitamos se ponga algo antideslizante en la rampa de entrada a la oficina ya que resbala y más cuando llueve.,2024-10-29 00:00:00,Cerrado,,0
2413898,Valencia,"Sobrecalentamiento diferenciales rack - Seguimos teniendo problemas de sobrecalentamiento lo que hace que salten las luces, necesitamos revisen de nuevo",2024-10-29 00:00:00,Cerrado,,0
2416827,Las Palmas,COLOCACION DE BRIDAS PARA UNA LONA - Necesitamos de ayuda para la colocacion de unas lonas publicitarias.,2024-10-30 00:00:00,Cerrado,,0
2416837,Valencia,"Hay una losa en la planta 0 cerca del cajero 41 despegada que se mueve al pisarla - Necesitamos se pegue bien, gracias.",2024-10-30 00:00:00,Cerrado,,0
2417391,Palma de Mallorca,PUERTA DEL RACK - AJUSTAR MUELLE,2024-10-30 00:00:00,Cerrado,,0
2398359,Sevilla,"Necesitamos que los transformadores que están metidos en falso techo de rótulos y cartelería de fachada de publicidad, se reubiquen en un armario metálico de pared de telecomunicaciones con fondo madera, adecuado a las medidas de los Trafos en cuarto RACK
PRESUPUESTO ENVIADO A SEIJO PARA SU APROBACION",2024-10-30 00:00:00,Cerrado,,0
2435748,Diagonal,Llueve mucho y cae agua dentro del ascensor derecho. Lo dejamos fuera de servicio por precaución.,2024-11-04 00:00:00,Cerrado,,0
2439580,Diagonal,A PETICION DE CARLOS GARCIA SEIJO - REVISAR BOMBAS DE ACHIQUE DEBIDO A FUERTES LLUVIAS EN BARCELONA,2024-11-05 00:00:00,Cerrado,,0
2462713,Diagonal,El hilo musical se escucha muy flojito y mal,2024-11-11 00:00:00,Cerrado,,0
2470063,Palma de Mallorca,"La mitad de la oficina está a oscuras - Hay un diferencial del cuadro eléctrico bajado, cada vez que lo subimos salta. La mitad de la oficina está a oscuras y algunos puestos no se pueden usar pq no llega corriente eléctrica",2024-11-13 00:00:00,Cerrado,,0
2470431,Alicante,"MANILLA ROTA PUERTA RAC - En la puerta del RAC se ha partido la manilla o maneta. aunque la puerta se abre con el mecanismo de seguridad empujando, consideramos que se necesita un servicio urgente. -",2024-11-13 00:00:00,Cerrado,,0
2471466,Málaga,REVISAR ESTADO SUCURSAL- POSIBLES FILTRACIONES AGUA,2024-11-13 00:00:00,Cerrado,,0
2474351,Meridiana,Store entrada principal se ha caído. Se ha doblado el soporte lateral de sujeción de la persiana. solicitamos reparación y volver a conectar a la toma de corriente el store. Adjunto imágenes.,2024-11-14 00:00:00,Cerrado,,0
2478502,Móstoles,"Necesitamos que venga a revisar la pata de una mesa de atencion al cliente. la ultima mesa de la oficina, la nueva, tiene una pata que esta bastnte inestable. Deberiamos reforzar esa pata, ya que esta torcida y corremos el riesto de que se rompa la mesa.",2024-11-15 00:00:00,Cerrado,,0
2487580,Valencia,"Reparación desconchón enlucido del techo de la escalera. Solicitamos reparación de desconchón generado en el techo de la escalera de la oficina, a consecuencia de la existencia de humedades previas.",2024-11-15 00:00:00,Cerrado,,0
2491734,Tenerife,SOLICITAMOS REEMPLAZO LED CARTELERIA INTERIOR,2024-11-19 00:00:00,Cerrado,,0
2491792,Tenerife,SOLICITAMOS CAMBIO DE BOMBILLOS,2024-11-19 00:00:00,Cerrado,,0
2495763,Mostoles,GOTERA EN EL TECHO DE LA SEGUNDA SALA - Tenemos otra vez una gotera en el techo de la segunda sala de la oficina.,2024-11-20 00:00:00,Cerrado,,0
2495849,Tenerife,PINTURA EN PARED CARTELES DE EXTINTOR Y PARTE TRASERA DE CAJEROS INTERNOS,2024-11-20 00:00:00,Cerrado,,0
2495853,Sta Engracia,VISITA CONJUNTA ING + CBRE - JUEVES 21 DE NOVIEMBRE A LAS 11:00,2024-11-20 00:00:00,Cerrado,,0
2500459,Móstoles,SUMINISTRO DE 2 PULSADORES DOBLES DE CISTERNA + SILICONA PARA ANCLAR MEJOR EL INODORO DEL BAÑO DE MUJERES,2024-11-21 00:00:00,Cerrado,,0
2500621,Gijon,Tenemos fundida la luz que se encuentra en el techo encima de la mesa 1 y 2 de gestores.,2024-11-21 00:00:00,Cerrado,,0
2504040,Vigo,"Fallo aire acondicionado- El sistema de aire acondicionado planta baja salta diferencial unid exterior, dejando el termostato sin pantalla y el técnico no puede saber el código de avería esto lleva pasando reiteradamente con operaciones correctivas puntuales pero se 
necesita asistencia especialista de frio para revisión maquina completa ya que la avería no es constante",2024-11-22 00:00:00,Cerrado,,0
2504097,Sta Engracia,Cambiar las válvulas del agua caliente.,2024-11-22 00:00:00,Cerrado,,0
2516307,Sta Engracia,ANCLAR AL LADRILLO LOS DOS PASAMANOS DEL BANO DE MINUSVALIDOS,2024-11-25 00:00:00,Cerrado,,0
2519523,Sta Engracia,BANDEJAS VRV EXT AZOTEA - COLOCARLAS CORRECTAMENTE,2024-11-26 00:00:00,Cerrado,,0
2519554,Sta Engracia,MARCOS DE LA PUERTA DE VESTUARIOS DE CHICOS - ARREGLAR,2024-11-26 00:00:00,Cerrado,,0
2519581,Sta Engracia,BACKLIGHTS - ENGANCHAR Y TENSAR,2024-11-26 00:00:00,Cerrado,,0
2519584,Sta Engracia,REVISAR PUERTA DE ENTRADA / MUELLE - NO SE QUEDA CORRECTAMENTE CERRADA,2024-11-26 00:00:00,Cerrado,,0
2523135,Málaga,Hay que regular la puerta de entrada. al salir da portazos.,2024-11-27 00:00:00,Cerrado,,0
2523168,Las Palmas,COLOCACION DE CANALETAS EXTERIORES,2024-11-27 00:00:00,Cerrado,,0
2523178,Las Palmas,REPARACION DE BIOMBO,2024-11-27 00:00:00,Cerrado,,0
2523205,Las Palmas,PLACA DEL SUELO,2024-11-27 00:00:00,Cerrado,,0
2523214,Las Palmas,DIFUSOR DEL BAÑO DE LA PLANTA BAJA,2024-11-27 00:00:00,Cerrado,,0
2523906,Acacias,"CERRADURA VENTANAS ROTAS - La mayoría de las cerraduras de las ventanas que hay en la parte trasera de la oficina están rotas, tanto planta alta como baja",2024-11-27 00:00:00,Cerrado,,0
2524947,Valencia,Necesitamos se pegue con adhesivo especial de alta resistencia las tapas metálicas de los kioscos para evitar se caigan,2024-11-27 00:00:00,Cerrado,,0
2527693,Diagonal,Hay 2 focos de la planta 2 fundidos,2024-11-28 00:00:00,Cerrado,,0
2527789,Bilbao,Tras tareas de instalacion de puerta y trampilla de la sala de reuniones necesitamos pintar el techo. La trampilla es de otro color y hay manchas de los trabajaos realizados.,2024-11-28 00:00:00,Cerrado,,0
2528313,O'donell,SUSTITUCION EMERGENCIAS ZONA DEL RACK,2024-11-28 00:00:00,Cerrado,,0
2528941,Zaragoza,"No cierra la puerta de acceso a oficina, no contacta el sistema de cierre automático. Ha pasado otras veces, suele ser porque el muelle se afloja por el propio peso de la puerta.",2024-11-28 00:00:00,Cerrado,,0
2543096,Acacias,"SALTA EL FUSIBLE DE LA PLANTA BAJA - Cada 3 minutos salta el fusible de la planta baja por lo que estamos teniendo problemas de conexión, de cajeros, kioskos, etc...",2024-12-02 00:00:00,Cerrado,,0
2543932,Valencia,"La puerta de entrada no cierra del todo, se queda abierta un centímetro y no se cierra - Necesitamos se ajuste el muelle para asegurarnos que se cierra sola.",2024-12-02 00:00:00,Cerrado,,0
2547319,Vigo,"Rotura del brazo-guia del muelle de la puerta de entrada - La tarde del 02/12/2024 un cliente golpeó a propósito y con mucha fuerza la puerta, provocando la rotura del brazo guía del muelle de la puerta de entrada. Hemos dado aviso esa misma tarde y la puerta se puede cerrar, 
pero no ha quedado arreglada. Necesitamos que se arregle para que funcione con normalidad.",2024-12-02 00:00:00,Cerrado,,0
2547377,Valencia,"Los tubos fluorescentes del almacén, en la planta -1, parpadean mucho y no se ve  - hay que reponer los tubos para tener buena luz en el almacén de material.",2024-12-03 00:00:00,Cerrado,,0
2549128,Meridiana,LUZ INTERIOR TECHO CUARTO DE ALMACENAMIENTO DE MATERIAL NO FUNCIONA. SUPUESTAMENTE ESTA FUNDIDA. -,2024-12-03 00:00:00,Cerrado,,0
2551762,Tenerife,Sale muy poca agua de los grifos de los baños y uno de los WC no recarga agua,2024-12-04 00:00:00,Cerrado,,0
2555953,Sta Engracia,Tenemos silla con el respaldo roto,2024-12-04 00:00:00,Cerrado,,0
2556186,O'donell,Adjunto imagen de una caja de electricidad de una mesa que se ha desmontado para que acudan a colocarla bien -,2024-12-05 00:00:00,Cerrado,,0
2575164,Cordoba,"Córdoba, no funciona la calefacción. URGE reparación",2024-10-12 00:00:00,Cerrado,2575164,1
2575244,Mostoles,Atasco importante en el baño de chicos de ING Móstoles,2024-12-10 00:00:00,Cerrado,,0
2578658,Mostoles,"ING MOSTOLES Puerta de acceso no cierra. Según indican los empleados, se ha roto un muelle.",2024-11-12 00:00:00,Cerrado,,0
2587235,Diagonal,Se necesita cambiar el cable que va del hilo musical al amplificador ya que está dañado y suena el aparato distorsionado.,13/12/24,Cerrado,,0
2598535,Valladolid,Ahora que ha empezado el frío no hace calor en la oficina a pesar de estar puesta la calefacción. Calentamos la oficina con la cortina de aire caliente.,2024-12-16 00:00:00,Cerrado,,0
2598777,Málaga,"Instalar 2 tablones de anuncios. Adjunto foto de los tablones que están actualmente, y se necesitan instalar otros 2 tablones",2024-12-12 00:00:00,Cerrado,,0
2598914,Cordoba,NECESITAMOS QUE ACOMPAÑE  UN TÉCNICO A LA EMPRESA ARYSE PARA SUBIR A LA AZOTEA MARTES 17/12 A LAS 13:30,2024-12-16 00:00:00,Cerrado,,0
2603136,Gijon,No cierra la puerta exterior. Nos urge revisión,2024-12-17 00:00:00,Cerrado,,0
2610735,Salamanca,Tenemos la luz del baño de las chicas fundidas y 2 focos de la oficina,2024-12-19 00:00:00,Cerrado,2610735,1
2611352,Palma de Mallorca,"Tenemos una gotera en el pasillo del sótano, parece una bajante de la comunidad del edificio",2024-12-19 00:00:00,Cerrado,,0
2611387,Palma de Mallorca,"La oficina vuelve a sufrir de olores muy fuerte - En la zona de atención a clientes hay de nuevo un fuerte olor a tubería , en sótano que parecía que era el origen no sucede. En especial es por la tarde",2024-12-19 00:00:00,Cerrado,,0
2612056,Bilbao,"MANDO PRINCIPAL DE LUCES PASADO DE VUELTAS, SIN LUZ EN VARIAS ZONAS",2024-12-19 00:00:00,Cerrado,,0
2625908,Las Palmas,Hilo persiana averiado,23/12/24,Cerrado,,0
2629689,Cadiz,se ha roto un marco de la puerta,24/12/24,Cerrado,,0
2637011,Mostoles,Puerta de entrada no cierra,26/12/24,Cerrado,,0
2640969,Las Palmas,PUERTA PRINCIPAL NO CIERRA,27/12/24,Cerrado,,0
2652801,Tenerife,"La puerta de entrada no cierra sola, hay que regular el brazo superior",2024-12-30 00:00:00,Cerrado,,0
2656598,Sevilla,Suministro y sustitución de placa neutralizadora de olores - SEVILLA,2024-12-31 00:00:00,Cerrado,,0
2664411,Acacias,"Luminarias fundidas:
- Foco luz de la escalera de subida a la primera planta
- La luz del espacio del cajero 20 no funciona (sustituida ya)",2025-01-02 00:00:00,Cerrado,,0
2664684,Mostoles,SUMINISTRO SANITRIL BAÑO MUJER/CABALLERO PARA TENER EN STOCK,2025-01-02 00:00:00,Cerrado,,0
2667877,Sta Engracia,"La puerta de uno de los baños tiene roto el cerrojo, el pestillo el mecanismo de cierre y el tirador interior",2025-01-03 00:00:00,Cerrado,,0
2668666,O'donell,TENEMOS UN GRAFITI EN LA FACHADA,2025-01-03 00:00:00,Cerrado,,0
2683901,Diagonal,Se ha caído la máquina de turnos y han saltado los muelles que cierran la tapa,2025-01-07 00:00:00,Cerrado,,0
2683956,Alicante,En el habitáculo de la oficina hay solo una bombilla encendia de 5-6 que hay. Necesitamos que se repongan. Gracias,2025-01-07 00:00:00,Cerrado,,0
2692350,Murcia,"NO HAY LUZ EN EL VESTUARIO MASCULINO, HAY QUE CAMBIAR LA BOMBILLA",2025-01-08 00:00:00,Cerrado,,0
2692351,Gijon,Tienen que revisar desagüe por olor en despacho. Gracias,2025-01-08 00:00:00,Cerrado,,0
2692353,Gijon,"Hola, vuelve a cerrar mal la puerta de acceso. Gracias",2025-01-08 00:00:00,Cerrado,,0
2692364,Las Palmas,"PUERTA LATERAL DESCOLGADA - Buenos días, tenemos la puerta lateral descolgada y no cierra correctamente, tenemos que darle un golpe fuerte para cerrarla. ¿podemos revisar?",2025-01-09 00:00:00,Cerrado,,0
2706869,Cordoba,Pestillo baño roto,2025-01-13 00:00:00,Cerrado,,0
2707045,Murcia,Necesitamos colgar una pizarra en la sala de reuniones de dimensiones grandes,2025-01-13 00:00:00,Cerrado,,0
2707090,Málaga,CORRECTIVO - SELLAR CRISTALERA DE LA FACHADA,2025-01-13 00:00:00,Cerrado,,0
2707995,Diagonal,VISITA CONJUNTA ING + CBRE - JUEVES 16 DE ENERO DE 10:30h  A 13h,2025-01-13 00:00:00,Cerrado,,0
2710593,Málaga,Necesitamos un nuevo dispensador de gel para el cuarto de baño. Tenemos uno de metal anclado a la pared que tiene un boquete en la base y se derrama el gel.,2025-01-14 00:00:00,Cerrado,,0
2710758,Acacias,Falta el pulsador de la cisterna del baño femenino,2025-01-14 00:00:00,Cerrado,,0
2711177,Acacias,El escalón entre el patio de operaciones y la entrada a la oficina está roto,2025-01-14 00:00:00,Cerrado,,0
2711369,Málaga,Tenemos una gotera en el cuarto donde esta el cuadro eléctrico. entendemos que puede ser del aire acondicionado que esta dentro del falso techo.,2025-01-14 00:00:00,Cerrado,,0
2711430,Valencia,"SALE AGUA POR EL TECHO A UNOS 30 CM DE UN APARATO DE AIRE ACONDICIONADO, Y SEESTA FORMACNDO CHARCO EN EL SUELO",2025-01-14 00:00:00,Cerrado,,0
2715302,Granada,FOCO BAÑO CABALLEROS Y LED FALSO TECHO ZONA CLIENTES,2025-01-15 00:00:00,Cerrado,,0
2716320,Oviedo,REPOSICIÓN DE LA LUZ DE LA MESA 1,2025-01-15 00:00:00,Cerrado,,0
2719229,Sevilla,Luces de los rótulos exteriores del lateral algunos fundidos,2025-01-16 00:00:00,Cerrado,,0
2719256,Cadiz,LOS AIRES ACONDICIONADOS ECHAN AIRE FRIO,2025-01-16 00:00:00,Cerrado,,0
2719393,Vigo,Estropeado foco interior - Foco que está cerca de la escalera al lado de los cajeros,2025-01-16 00:00:00,Cerrado,,0
2723057,Acacias,"CISTERNA QUE DESDE ESTA TARDE PIERDE AGUA, COMO SI ESTUVIERA CONTINUAMENTE PULSADA. VESTUARIO FEMENINO",2025-01-17 00:00:00,Cerrado,,0
2723086,Mallorca,Los bordes entre la moqueta del suelo y las partes de suelo sin moqueta se están soltando,2025-01-17 00:00:00,Cerrado,,0
2723114,Mallorca,La maneta de la puerta del rack está con los tornillos aflojados y a punto de caerse,2025-01-17 00:00:00,Cerrado,,0
2707217,Sta Engracia,"La puerta de uno de los baños tiene roto el cerrojo, el pestillo el mecanismo de cierre y el tirador interior",2025-01-03 00:00:00,Cerrado,,0
2729000,Acacias,OCA BT - ACOMPAÑAR BUREAU VERITAS - 24/01 14:30,2025-01-20 00:00:00,Cerrado,,0
2729003,Mostoles,OCA BT - ACOMPAÑAR BUREAU VERITAS - 31/01 14:30,2025-01-20 00:00:00,Cerrado,,0
2732749,Bilbao,Reclamamos cambio luces fundidas tras el puesto de gestores,2025-01-21 00:00:00,Cerrado,,0
2733182,Sevilla,"Persiana estore caida, se ha descolgado del techo",2025-01-21 00:00:00,Cerrado,,0
2733923,Málaga,"RUIDO EN EL TECHO DONDE HAY UN SPLIT DEL AIRE ACONDICIONADO. NO SABEMOS EXACTAMENTE DE DONDE PROVIENE EL RUIDO, HEMOS APAGADO EL SPLIT Y EL RUIDO SIGUE. EL RUIDO ES BASTANTE MOLESTO - MALAGA",2025-01-21 00:00:00,Cerrado,,0
2736767,Diagonal,Estropeado uno de los focos del vestuario del personal de limpieza en planta -1,2025-01-22 00:00:00,Cerrado,,0
2737359,Cordoba,Llevamos una temporada en la que si encendemos 3 estufas a la vez de las individuales salta el plomo de la oficina. Revisar potencia o problemas de conexiones,2025-01-22 00:00:00,Cerrado,,0
2744664,Las Palmas,MANECILLA PUERTA VESTUARIO MASCULINO AVERIADA - La parte interior de la manecilla de la puerta se cayo y se desmonto. Rogamos sutitucion,2025-01-24 00:00:00,Cerrado,,0
2744691,Cadiz,TENEMOS EL STORE DE LA PUERTA AL PATIO ROTO Y NO PODEMOS ABRIR LA PUERTA,2025-01-24 00:00:00,Cerrado,,0
2757355,Acacias,"CAMBIO 2 PANTALLAS ILUMINACION 2X36- Se han fundido las luces del RAC, necesitamos cambio. Son 2 pantallas de 2x36",2025-01-27 00:00:00,Cerrado,,0
2760240,O'donell,En la puerta de cajeros se ha soltado un tornillo de la cerradura adjunto imagen,2025-01-28 00:00:00,Cerrado,,0
2764613,Palma de Mallorca,"Un detector de CO2 de la oficina ha empezado a pitar -  Tenemos un detector de temperatura y CO2 está dando señales de alarma, está pitando",2025-01-29 00:00:00,Cerrado,,0
2772970,Tenerife,HACEN RUIDO LAS BISAGRAS DE LA PUERTA DE ENTRADA AL ABRIR Y CERRAR. LE HEMOS PUESTO 3 EN 1 PERO CONTINUAN IGUAL.POR OTRA PARTE SEGUIMOS A LA ESPERA DEL CAMBIO DEL BRAZO DE CIERRE,2025-01-31 00:00:00,Cerrado,,0
2783872,Cordoba,No encienden ni la Turnomatic de la oficina ni las impresoras Ricoh. Necesitamos revisión urgente!,2025-02-03 00:00:00,Cerrado,,0
2784018,Acacias,"Necesitamos cambiar las cintas antideslizantes negras que hay en las escaleras, tanto de la entrada como de la planta alta, ya que se encuentran muy desgastadas y no hacen su función ya hemos tenido varias caídas en las escaleras de la entrada.",2025-02-03 00:00:00,Cerrado,,0
2795358,Granada,OFICINA SIN LUZ,2025-02-06 00:00:00,Cerrado,,0
2799080,Alicante,"El monitor del mobile pad no es estandar, la cerradura del mobile pad esta rota y no se puede abrir la puerta del mueble",2025-02-06 00:00:00,Cerrado,,0
2799361,O'donell,REVISAR CUADRO ELECTRICO DENTRO DEL RAC,2025-02-07 00:00:00,Cerrado,,0
2799602,Valencia,SUSTITUCION DE LUMINARIAS INTERIOR FUNDIDAS,2025-02-07 00:00:00,Cerrado,,0
2799605,Valencia,SUMINISTRO Y SUSTITUCIÓN DE PULSADOR WC,2025-02-07 00:00:00,Cerrado,,0
2799717,Gijon,"Siguen filtrándose olores de la obra del patio en la sala, por favor revisar. Gracias",2025-02-07 00:00:00,Cerrado,,0
2810620,O'donell,TECHO DESPRENDIDO - RETIRAR ESCOMBROS Y AVERIGUAR ORIGEN DE LA HUMEDAD.,2025-02-10 00:00:00,Cerrado,,0
2811628,Salamanca,"Pierde agua el baño de los chicos - El baño de los chicos de la oficina de Salamanca pierde un poco de agua, para revisarlo y arreglarlo",2025-02-10 00:00:00,Cerrado,,0
2811642,Vigo,"Puerta entrada con el agarre (barra) manual para apertura se está aflojando, el soporte superior que guia la puerta y fuerza el cierre, tb se está aflojando, ya le falta uno de los tornillos.  El pomo de la puerta del baño superior se está soltando.",2025-02-10 00:00:00,Cerrado,,0
2816085,Zaragoza,Hemos extraviado la llave del armarito que guarda el cableado del PAD. Adjuntamos foto del mueble.,2025-02-11 00:00:00,Cerrado,,0
2819269,Palma de Mallorca,"Foco del sótano averiado - Tenemos un foco del sótano que parpadea de forma continua, puede estar a punto de fundirse o bien un mal contacto",2025-02-12 00:00:00,Cerrado,,0
2822603,Alicante,ROTULO EXTERIOR PARPADEANDO - El rótulo exterior ha empezado a parpadear constantemente,2025-02-13 00:00:00,Cerrado,,0
2827463,Málaga,Se ha roto el mecanismo de cierre automatico de la puerta de entrada.,2025-02-14 00:00:00,Cerrado,,0
"2819427
2826794",Granada,LUCES FUNDIDAS,2025-02-12 00:00:00,Cerrado,,0
2838789,Diagonal,CORRECTIVOS ACONSEJADOS POR ANTICIMEX,2025-02-17 00:00:00,Cerrado,,0
2838887,Oviedo,"AL QUITAR EXTINTOR DE LA PARED, HA SALTADO LA PINTURA, NECESITAMOS QUE VENGAN A REVISARLO Y PINTARLO",2025-02-17 00:00:00,Cerrado,,0
2841885,Sta Engracia,El pomo de la puerta interior del rack se ha roto,2025-02-18 00:00:00,Cerrado,,0
2841914,Valencia,EL LAVABO DEL BAÑO DE CILENTES ESTÁ ATASCADO,2025-02-18 00:00:00,Cerrado,,0
2842195,Sabadell,Necesitamos que se repare la puerta/panel que da acceso a los cajeros 4B,2025-02-18 00:00:00,Cerrado,,0
2843062,Las Palmas,Necesitamos que se revise el cableado que de red que va desde patch panel del CPD etiquetado como wifi a una de las bocas de la oficina.,2025-02-18 00:00:00,Cerrado,,0
2843108,Mostoles,Se necesita revisar el cable de red que va desde no de los AP Wifi contra el patch panel. En concreto el puerto que esta etiquetado como wifi.,2025-02-18 00:00:00,Cerrado,,0
2846882,Valladolid,Revision cableado de red impresora clientes.,2025-02-19 00:00:00,Cerrado,,0
2871826,Acacias,La puerta del patio comunitario de la oficina de Acacias tiene el cierre roto.,2025-02-26 00:00:00,Cerrado,,0
2872395,Acacias,Se ha fundido el halógeno pequeño que hay en los baños de los vestuarios.,2025-02-26 00:00:00,Cerrado,,0
2876161,Las Palmas,"LETREROS FACHADA -  SE SOLICITA CAMBIO DE LAS PEGATINAS DE LA ENTRADA, YA ESTAN DETERIORADAS",2025-02-27 00:00:00,Cerrado,,0
2876286,Diagonal,"En la planta -2 se ha salido agua de la bomba de achique son aguas fecales ya que el olor es insoportable - el suelo está inundado además el olor es horrible llega a la planta 0 en la atención de clientes, por favor acudir cuanto antes",2025-02-27 00:00:00,Cerrado,,0
2896657,Valencia,El marco de la puerta de los baños de clientes está sacado del sitio.,2025-03-04 00:00:00,Cerrado,,0
2903884,Granada,La oficina de granada presenta desconexiones en el sistema de aire acondicionado y con ruidos.,2025-03-06 00:00:00,Cerrado,,0
2908334,Bilbao,"Por golpes que propinó un cliente a la puerta de acceso no cierra correctamente. Podemos cerrarla a mano y con la llave, pero creemos que lo que se ha estropeado es el muelle, ya que la hoja no se cierra sola como antes despues de abrirla.",2025-03-07 00:00:00,Cerrado,,0
2919524,Móstoles,"Gotea en la sala de espera, zona moqueta",2025-03-10 00:00:00,Cerrado,,0
2919932,Vigo,"Tope puerta de entrada  - Rogamos la instalación de un tope para la puerta de entrada, para que no se abra en exceso estropeando el mecanismo de cierre automático. gracias",2025-03-10 00:00:00,Cerrado,,0
2919961,Vigo,"Estropeado el mecanismo del WC - Se rompió el pulsador del WX, no se puede usar",2025-03-10 00:00:00,Cerrado,,0
2919963,Cadiz,TENEMOS UN FOCO FUNDIDO,2025-03-10 00:00:00,Cerrado,,0
2920021,Diagonal,REVISAR TODOS LOS BAÑOS DE LA SUCURSAL PONIENDO ESPECIAL ATENCION A LOS INODOROS,2025-03-10 00:00:00,Cerrado,,0
2929236,Palma de Mallorca,Aplique moqueta levantado,2025-03-12 00:00:00,Cerrado,,0
2929276,O'donell,"Se ha roto el pulsador de la cisterna del inodoro, la pieza se ha roto y hay que poner una nueva ya que no podemos pulsarlo. Gracias.",2025-03-12 00:00:00,Cerrado,,0
2936045,Móstoles,Se nos ha descolgado uno de los separadores que hay entre dos mesas,2025-03-14 00:00:00,Cerrado,,0
2936927,Granada,"DE NUEVO PROBLEMA CON LAS LUCES, ALGUNAS ESTAN PARPADEANDO",2025-03-14 00:00:00,Cerrado,,0
2952135,Salamanca,La puerta de entrada a la oficina se ha quedado enganchada y no se podia abrir ni cerrar.,2025-03-18 00:00:00,Cerrado,,0
2952430,O'donell,ROTURA DE POMO DE PUERTA DEL BAÑO DE EMPLEADOS,2025-03-18 00:00:00,Cerrado,,0
2956675,Bilbao,No cierrra bien la puerta de la entrada,2025-03-19 00:00:00,Cerrado,,0
2960800,Diagonal,PUERTA DE EMERGENCIA - Se ha desprendido el cristal de abajo de la puerta de emergencia.,2025-03-20 00:00:00,Cerrado,,0
2974925,Vigo,"Puerta de entrada mecanismo de cierre -El mecanismo superior que hace que la puerta se cierre, vuelve a estar flojo, le faltan 2 tornillos de agarre",2025-03-24 00:00:00,Cerrado,,0
2983269,O'donell,ROTURA PICAPORTE DE PUERTA DE BAÑO Y AJUSTAR TIRADOR DE PUERTA DE CRISTAL ZONA DE EMPLEADOS,2025-03-26 00:00:00,Cerrado,,0
2983367,Granada,"LAVABO BAÑO CABALLERO EXPULSA AGUA, CERRAMOS LLAVE DE PASO HASTA QUE ACUDA TECNICO-",2025-03-26 00:00:00,Cerrado,,0
2987423,Sevilla,Alfombra de la entrada levantada choca con la puerta de entrada y se necesitaría pegar al suelo. Además reivsar puerta de entrada porque pega unos portazos muy grandes. Intentar colocar algún elemento que frene,2025-03-27 00:00:00,Cerrado,,0
2987947,Diagonal,Hacer seguimiento durante dos semanas tomando lecturas del contador. A ver si va a estar mal su funcionamiento.,2025-03-27 00:00:00,Cerrado,,0
3003092,Cordoba,El baño de clientes cuando tiramos de la cisterna suelta agua,2025-03-31 00:00:00,Cerrado,,0
3003273,VALENCIA,"LA PUERTA DEL RACK NO CIERRA CORRECTAMENTE - NUESTRA PUERTA DEL RACK QUE ESTA CON CLAVE DE ACCESO NO CIERRA CORRECTAMENTE. POR FAVOR, MANDAD A UN TÉCNICO A REVISAR.",2025-03-31 00:00:00,Cerrado,,0
3007415,GIJON,"Hola, el filtro del aire está suelto. Gracias",2025-04-01 00:00:00,Cerrado,,0
3007441,GIJON,Cerradura de armario en planta cero estropeada y hay que cambiar la hora del hilo musical. Gracias,2025-04-01 00:00:00,Cerrado,,0
3007478,MOSTOLES,ACCESO A VESTUARIO MASCULINO - El pomo de la puerta del vestuario masculino no funciona,2025-04-01 00:00:00,Cerrado,,0
3008384,O'DONNELL,LA PUERTA DE ACCESO A CAJEROS DE ODONNELL SE HA SOLTADO EL MECANISMO DE APERTURA,2025-04-01 00:00:00,Cerrado,,0
3011719,VALENCIA,Sustituir iluminación fundida,2025-04-02 00:00:00,Cerrado,,0
3011736,VALENCIA,"TENEMOS EN LA OFICINA VARIAS ZONAS SIN LA TAPITA QUE CUBRE LOS CABLES. OS MANDO FOTO PARA QUE PODAIS VER A LO QUE NOS REFERIMOS. HE VISTO 4, REDONDOS Y CUADRADOS, PERO PUEDE SER QUE HAYA ALGUNO MÁS.",2025-04-02 00:00:00,Cerrado,,0
3011764,SALAMANCA,Se ha ido la luz de la sucursal,2025-04-02 00:00:00,Cerrado,,0
3011861,TENERIFE,Se ha roto el mango de desague del lavabo. solicitamos reemplazo,2025-04-02 00:00:00,Cerrado,,0
3011862,TENERIFE,Solicitamos reemplazo de bombillas que no funcionan,2025-04-02 00:00:00,Cerrado,,0
3015543,TENERIFE,Hay atasco en las tuberías del baño,2025-04-03 00:00:00,Cerrado,,0
3015544,TENERIFE,Se ha despegado un Backlight exterior,2025-04-03 00:00:00,Cerrado,,0
3015575,VALENCIA,LUNES 07/04 9:00 - ACOMPAÑAR AL TECNICO DE SECURITAS PARA REVISAR LA INCIDENCIA DE LA SIRENA PUERTA LATERAL DE EMERGENCIA Y REVISAR LUCES DE EMERGENCIA,2025-04-03 00:00:00,Cerrado,,0
3015684,ACACIAS,"WC PLANTA BAJA PIERDE AGUA - Me comenta la persona de limpieza que el baño de planta baja pierde agua, y el lavabo cuando se abre el grifo también.",2025-04-03 00:00:00,Cerrado,,0
3015713,DIAGONAL,"La luz de la cocina parpadea y molesta bastante, hay q cambiarla",2025-04-03 00:00:00,Cerrado,,0
3048960,DIAGONAL,El hierro de la alfombra está despegado y puede tropezarse alguien.,2025-04-09 00:00:00,Cerrado,,0
3048931,DIAGONAL,El palo que indica el número de la mesa está despegado y muy torcido.,2025-04-11 00:00:00,Cerrado,,0
3033009,PALMA DE MALLORCA,Sustitución grifo WC.,2025-04-07 00:00:00,Cerrado,,0
3031714,VIGO,Retrasar los carteles de identificación de puesto para evitar choques de clientes,2025-04-07 00:00:00,Cerrado,,0
3069564,MURCIA,AVERIA EN PUERTA SALA - Se ha soltado la pestaña que estaba enganchada arriba y por ello no podemos armar la alarma de la oficina....,2025-04-16 00:00:00,Cerrado,,0
3069551,VALLADOLID,"Fuga de agua por fisura de una tuberia, en la parte de abajo de la oficina, en lo que parece una tubería ""condenada"" hay un fisura por la sale agua con abundancia, está generando acumulación de agua preocupante-",2025-04-16 00:00:00,Cerrado,,0
3181396,ALICANTE,"Puerta no cierra. El muelle de la puerta ha perdido fuerza y no se cierra la puerta, dejando entre abierta",2025-05-13 00:00:00,Cerrado,,0
3122658,CORDOBA,"Los grifos de los aseos no disponen de agua, los de las fuentes si -",2025-04-29 00:00:00,Cerrado,,0
3097402,DIAGONAL,Hay varias luces fundidas en planta 0,2025-04-23 00:00:00,Cerrado,,0
3105791,DIAGONAL,Varios focos de la planta 2 no funcionan. Adjunto fotos.-,2025-04-25 00:00:00,Cerrado,,0
3165242,DIAGONAL,El grifo del vestuario femenino de la planta -2 no funciona,2025-05-09 00:00:00,Cerrado,,0
3177901,DIAGONAL,Suena la alarma de la bomba de achique y está en rojo. Pone: nivel elevado. Necesitamos que venga un técnico y lorevisa para que no suceda lo que sucedió hace unos meses que superó el límite y rebosó,2025-05-12 00:00:00,Cerrado,,0
3061048,GIJON,Cambiar el cristal de la fachada en la planta baja.,2025-04-14 00:00:00,Cerrado,,0
3165789,GIJON,RACK - REVISAR INSTALACION PINGÜINO,2025-05-09 00:00:00,Cerrado,,0
3089520,GRANADA,"Hidraulico silla - Nos han mandado hidraulico para sustituir de una silla que vino rota, nos dice Carlos que abramos inci para que vengan a cambiarlo. Gracias",2025-04-21 00:00:00,Cerrado,,0
3148070,GRANADA,LUZ DE ROTULO DE FACHADA FUNDIDA,2025-05-05 00:00:00,Cerrado,,0
3165116,SABADELL,"MANETA PUERTA DESPACHO COORDINADOR ROTA - LA MANETA QUE HACE DE POMO DE LA PUERTA DEL DESPACHO DEL COORDINADOR ESTÁ A PUNTO DE ROMPERSE, LO QUE IMPEDIRIA ENTRAR EN EL DESPACHO.",2025-05-09 00:00:00,Cerrado,,0
3152658,SEVILLA,"Backlight caído - Hace unas semanas se acude a arreglar backlight pero nuevamente está caído, ver que solución podemos darle porque no podemos poner la publicidad al haberse caído el soporte",2025-05-06 00:00:00,Cerrado,,0
3165737,VALLADOLID,"Diferencial bajado - Hay un diferencial que está bajado y al intentar subirlo no se queda en posición. Da luz a una parte de la oficina que no tiene luz natural, con lo que solo se puede acceder con linterna-",2025-05-09 00:00:00,Cerrado,,0
3041860,ACACIAS,"Sustitución de la luminaria de la azotea en el acceso de la segunda escalera escamoteable, esta fundida.",2025-04-09 00:00:00,Cerrado,,0
3152388,DIAGONAL,Tenemos goteras en uno de los almacenes de la planta -1. Empezaron ayer con la lluvia. Adjunto foto.,2025-05-06 00:00:00,Cerrado,,0
3148055,GRANADA,"LAVABO BAÑO MUJERES EXPULSA AGUA POR ABAJO, HEMOS TENIDO QUE CORTAR LLAVE DE PASO",2025-05-05 00:00:00,Cerrado,,0
3031880,OVIEDO,Nos hemos quedado sin luz en la mesa 4,2025-04-07 00:00:00,Cerrado,,0
3094279,VALENCIA,"HAY UN BAÑO EMBOZADO EN EL CUARTO DE BAÑO DE LOS CHICOS.CADA VEZ QUE SE TIRA DE LA CADENA, SE LLENA MÁS Y NO TRAGA. SUBE HASTA EL TOPE DEL WC. ES EL ÚLTIMO VATER DE LOS CHICOS.",2025-04-22 00:00:00,Cerrado,,0
3152452,VALENCIA,Tenemos 3 focos fundidos en el despacho de la coordinadora. Además de esto tenemos una maneta del baño de mujeres roto. Adjuntamos foto de ambas cosas.,2025-05-06 00:00:00,Cerrado,,0
3122405,VIGO,"Se suelta soporte de puerta de entrada de nuevo - el tornillo del soporte superior puerta de entrada vuelve a fallar, se queda suelto y dificulta la apertura y cierre",2025-04-29 00:00:00,Cerrado,,0
3192584,VIRIATO,"GOTERAS, SUELO INUNDANO, Y PLADUR DE TECHO CON MUCHA HUMEDAD CON RIESGO DE QUIEBRA- Hemos entrado hoy viernes a la oficina con suelos inundados, y goteras en el techo, se ve como el pladur está podrido",2025-05-16 00:00:00,Cerrado,,0
3209866,ALICANTE,MUCHO CALOR POR LAS MAÑANAS - Durante las mañanas no se consigue refrigerar el ambiente en la planta baja y hace mucho calor.,2025-05-23 00:00:00,Cerrado,,0
3209744,Diagonal,Muelle inexistente puerta emergencia planta -2 acceso vestuarios por eso se queda siempre abierta y salta alarma-,2025-05-23 00:00:00,Cerrado,,0
1830627,Granada,"El lavabo de hombres, el cual se reparó hace un mes escaso, hace un ruido, nos ha dicho un cliente fontanero que esta a punto de atascarse, por eso hace ese ruido.... necesitariamos que viniese un tecnico y que lo revisara",2025-05-23 00:00:00,Cerrado,,0
3220406,MOSTOLES,"Sisitema de climatizacion averiado - Desde ayer, diversas zonas del sistema de climatización están dando error en el panel de control. Necesitamos que vengan a revisarlo",2025-05-23 00:00:00,Cerrado,,0
3220419,MOSTOLES,"Atasco en el baño masculino. el suelo esta encharcado - Al tocar la cisterna, el baño se ha atascado, llenado el suelo de agua y desechos. necesitamos que vengan",2025-05-23 00:00:00,Cerrado,,0
3203261,Sabadell,OFICINA SIN LUZ - REVISAR CABLES ARRANCADOS MESA GESTOR POR EMEGENCIA EN LA SUCURSAL-,2025-05-23 00:00:00,Cerrado,,0
3203298,TENERIFE,La puerta de entrada no cierra. Se traba con el suelo y se dificulta pasar llave para cierre de la oficina. Entendemos que esto tampoco permite que funcione la raba del W&M. Por favor necesitamos intervencion urgente-,2025-05-23 00:00:00,Cerrado,,0
3203458,Valencia,SERVICIO CERRAJERO URGENTE-NO ABRE PUERTA ENTRADA SUCURSAL,2025-05-23 00:00:00,Cerrado,,0
3245276,ALICANTE,URGENTE - PUERTA OFICINA NO SE ABRE,2025-05-30 00:00:00,Cerrado,,0
3249643,GRANADA,LUMINARIAS VUELVEN A PARPADEAR. HAY QUE CAMBIAR FUSIBLE.,2025-05-30 00:00:00,Cerrado,,0
3249360,MÁLAGA,La puerta de acceso da portazos,2025-05-30 00:00:00,Cerrado,,0
3236593,MURCIA,"UNO DE LOS SPLITS DE LA OFI TIRA UNA PELUSILLA NEGRA-Creemos que es algo de los filtros del A/A que tenemos en la sala de reuniones. Sale como una especie de pelusa negra que mancha todo. Por favor, envien a un técnico para su revisión.",2025-05-30 00:00:00,Cerrado,,0
3240521,O'DONNELL,TENGO UN FOCO QUE URGE QUE VENGAN A COLOCAR,2025-05-30 00:00:00,Cerrado,,0
3249218,O'DONNELL,EL AIRE ACONDICIONADO DE LA OFICINA DE ODONNELL NO SALE AIRE FRIO ROGAMOS ACUDAN A REVISARLO(MAQUINA EN VERANO Y TEMPERATURA OK),2025-05-30 00:00:00,Cerrado,,0
3204596,PALMA DE MALLORCA,El Split del AA de la sala del rack no funciona,2025-05-30 00:00:00,Cerrado,,0
3209786,SEVILLA,FUGA DE AGUA EN EL BAÑO DE CLIENTES Y PENSAMOS QUE PUEDE VENIR DE LA MAQUINA DEL AIRE,2025-05-30 00:00:00,Cerrado,,0
3233488,SEVILLA,"Sale agua de la maquina de aire y cayendo en baño común de la oficina - sale agua de la maquina de aire y cayendo en baño común de la oficina, corre riesgo de corte eléctrico porque está cayendo sobre un foco y puede inundarse el baño",2025-05-30 00:00:00,Cerrado,,0
3203305,VIGO,"Baño de la primera planta, de nuevo se rompe el mecanismo de la cisterna del wc",2025-05-30 00:00:00,Cerrado,,0
3236547,ZARAGOZA,Equilibrar las rejillas por las que sale el aire.,2025-05-30 00:00:00,Cerrado,,0
3263116,ALICANTE,LA PUERTA DE ENTRADA NO SE CIERRA- El mecanismo de la puerta no empuja de forma suficiente a la puerta para que se cierre y esta ahora mismo abierta.,2025-06-06 00:00:00,Cerrado,,0
3273077,ALICANTE,"BOMBIN en una de las taquillas -Necesitaríamos poner un bombin en una de las taquillas, ya que el que había se ha roto",2025-06-06 00:00:00,Cerrado,,0
3267955,DIAGONAL,EL AIRE ACONDICIONADO DE LA PLANTA 2 NO ENFRIA BIEN,2025-06-06 00:00:00,Cerrado,,0
3272415,DIAGONAL,La puerta de acceso principal se queda abierta. Cada año pasa lo mismo con al aumento de las temperaturas,2025-06-06 00:00:00,Cerrado,,0
3277110,GIJON,"Hola, necesitamos que nos quiten los 4 estores de la sala de reuniones y se guarden en la oficina. Si es posible traer una caja alargada para almacenar. Gracias - GIJON",2025-06-06 00:00:00,Cerrado,,0
3272626,MÓSTOLES,PANTALLA CENTRAL A/A SE HA CAÍDO/ROTO - ENVIAR TECNICO,2025-06-06 00:00:00,Cerrado,,0
3250287,VALLADOLID,"Hay muchos mosquitos en la oficina, aparecen muertos por la mañana en el suelo y durante el día son molestos. Las luminarias de emergencia están llenas de estos insectos, creo que es porque se quedan por la noche encendidas y se meten ahí. 
Sería posible ver si se puede hacer algún tipo de fumigación de cara al fin de semana para eliminarlos? Hace unos semanas hemos tenido una fuga de agua y no sé si puede ser divido a la humedad de algunas zonas que han aparecido estos insectos",2025-06-06 00:00:00,Cerrado,,0
3281549,VALLADOLID,"Diferencial saltado y que no se puede reestablecer - Hay un diferencial saldo que no puede reestablecerse, eso provoca que los backligths no fucionan y tampoco haya luz en el sótano 2",2025-06-06 00:00:00,Cerrado,,0
3310369,Acacias,SE HA ESTROPEADO EL MUELLE DE LA PUERTA PRINCIPAL- Al tener tanto uso y no funcionar el muelle se está dando portazos todo el tiempo y se acaba dañando incluso el cristal.,2025-06-13 00:00:00,Cerrado,,0
3310386,Acacias,APARECEN EN ROJO LOS INDICADORES DE LA PLANTA ALTA - No podemos poner aire en la planta alta ya que los iconos aparecen cun un fallo en rojo,2025-06-13 00:00:00,Cerrado,,0
3304315,CADIZ,COLOCACION DEL CARTEL DE SALIDA,2025-06-13 00:00:00,Cerrado,,0
3294899,CORDOBA,Cisterna baño clientes suelta agua,2025-06-13 00:00:00,Cerrado,,0
3294923,CORDOBA,"Puerta de emergencia muelle no funciona, se cierra",2025-06-13 00:00:00,Cerrado,,0
3299461,Diagonal,No tenemos luz ni agua en la planta -1 ni en la -2. Creemos que es algún diferencial que falla.,2025-06-13 00:00:00,Cerrado,,0
3294856,Granada,INCIDENCIA LUMINARIAS  - SUSTITUIR FUSIBLE,2025-06-13 00:00:00,Cerrado,,0
3295235,OVIEDO,"Hola, acude el propietario del local que se encuentra debajo de la oficina de Oviedo porque tiene goteras, dice que es de nuestro A/A. Es urgente revisar. Gracias-",2025-06-13 00:00:00,Cerrado,,0
3309107,ZARAGOZA,¿Sería posible incorporar a la oficina ambientadores industriales?,2025-06-13 00:00:00,Cerrado,3309107,1
3332082,ACACIAS,ARREGLAR CAJAS DE SUELO DE LOS ENCHUFES HUNDIDAS,2025-06-20 00:00:00,Cerrado,,0
3336423,CÓRDOBA,"URGE! Avería en la consola del RAC, gotea agua",2025-06-20 00:00:00,Cerrado,,0
3331808,DIAGONAL,Ayer repararon la válvula pero volvemos a estar sin agua.,2025-06-20 00:00:00,Cerrado,,0
3341512,DIAGONAL,"Agujero en el suelo causado al caerse una herramienta. Dentro de la oficina, en la zona de los cajeros externos. Adjunto foto.",2025-06-20 00:00:00,Cerrado,,0
3331826,O'DONNELL,"Hoy ha saltado 3 veces el diferencial del cuadro del aire acondicionado, Y ayer también salto el diferencial",2025-06-20 00:00:00,Cerrado,,0
3327663,OVIEDO,EL DUEÑO DEL LOCAL DE AL LADO NOS DICE QUE TIENE HUMEDADES DEBIDO A NUESTRO AIRE ACONDICIONADO,2025-06-20 00:00:00,Cerrado,,0
3327199,SEVILLA,COLOCAR PLACA QUE SE ROMPIO AL SOLUCIONAR INCIDENCIA ATASCO EQUIPO CLIMA,2025-06-20 00:00:00,Cerrado,,0
3340956,VALLADOLID,"Bombilla fundida - Se ha fundido unas lámpara de las que están suspendidas del techo, por la altura que hay tienen que venir con una escalera que cubra bastante altura.",2025-06-20 00:00:00,Cerrado,,0
3363510,ACACIAS,NO FUNCIONA AIRE EN PLANTA BAJA Y SALA DE ESPERA,2025-06-27 00:00:00,Cerrado,,0
3358071,CORDOBA,"Los kioscos de la Oficina de Córdoba no funcionan, tan solo enciende uno de ellos",2025-06-27 00:00:00,Cerrado,,0
3367324,COSTA RICA,"La puerta blanca de entrada a la oficina se queda totalmente abierta, hay que tocar el muelle, para que tenga algo más de fuerza - PUERTA ACCESO CRISTAL OFICINA",2025-06-27 00:00:00,Cerrado,,0
3358228,DIAGONAL,EL A/C no enfría en planta 0 ni en 1 ni en 2,2025-06-27 00:00:00,Cerrado,,0
3362767,GIJON,"Hola, una niña ha metido unos papeles por las rejillas del aire y no podemos abrir. Seguimos ptes de que retiren los estores de la sala de reuniones. Gracias",2025-06-27 00:00:00,Cerrado,,0
3358974,Las Palmas,LUZ BAÑO MUJERES FUNDIDA  - Tenemos dos luces del baño de las mujeres fundidas,2025-06-27 00:00:00,Cerrado,,0
3372583,MALAGA,"La puerta de entrada da portazos -  Necesitamos otro aparato retenedor de la puerta de entrada. se ha quedado sin aceite y no funciona, da portazos continuamente. un técnico la ha revisado hoy y nos comenta que necesitamos reemplazarla.",2025-06-27 00:00:00,Cerrado,,0
3372539,SALAMANCA,"Television apagada - Tenemos una television de la oficina apagada, parece que no le llega la corriente. Necesitamos que vengais a revisarlo. Gracias",2025-06-27 00:00:00,Cerrado,,0
3390315,CADIZ,Subsanaciones recepcion de obra clima,2025-07-04 00:00:00,Cerrado,,0
3396003,CADIZ,"LA PUERTA DEL RACK NO CIERRA BIEN, NECESITAMOS UN CARPINTERO PARA QUE SE LIJE Y ENCAJE BIEN, ADEMÁS PARA QUE ASEGURE LOS POMOS",2025-07-04 00:00:00,Cerrado,,0
3390227,LAS PALMAS,AIRE ACONDICIONADO AVERIADO - Nos hemos encontrado esta mañana el aire acondicionado averiado. Solicitamos revision,2025-07-04 00:00:00,Cerrado,,0
3409000,MERIDIANA,El desagüe del fregadero de la cocina se ha taponado y el agua no sale correctamente.,2025-07-04 00:00:00,Cerrado,,0
3409345,PALMA DE MALLORCA,Revisar capacidad de refrigeración - Los clientes y gestores se quejan de que el sistema no refrigera lo suficiente,2025-07-04 00:00:00,Cerrado,,0
3409401,PALMA DE MALLORCA,"Volvemos a tener goteras en el sótano por una bajante - Es posiblemente una gotera por fuga en una bajante que ya nos dio problemas en el pasado, en el sótano. Llena casi un cubo de agua al día",2025-07-04 00:00:00,Cerrado,,0
3400602,SEVILLA,"Parece que el aire no funciona correctamente, sobre todo al mediodía echa aire pero no fresco",2025-07-04 00:00:00,Cerrado,,0
3396033,TENERIFE,Cambio tubos iluminacion techo,2025-07-04 00:00:00,Cerrado,,0
3399836,TENERIFE,Colocar zócalos despegados en columnas -,2025-07-04 00:00:00,Cerrado,,0
3399855,TENERIFE,Tapar hueco vestuario hombres y en techo de kioscos,2025-07-04 00:00:00,Cerrado,,0
3390282,VALENCIA,"En la planta 1 el aire acondicionado sale sin fuerza y a temperatura alta aunque la pongamos baja.
Necesitamos por favor se repare lo antes posible. Gracias.",2025-07-04 00:00:00,Cerrado,,0
3404680,VALENCIA,INCIDENCIA CERRADURA - NO PUEDEN ACCEDER A LA SUCURSAL,2025-07-04 00:00:00,Cerrado,,0
3399489,VALLADOLID,"Aumento de la temperatura en la oficina de repente - Estos días había una temperatura en la oficina y de repente ha empezado a subir, por favor dadas las temperaturas que estamos teniendo se puede agilizar la visita de un técnico?",2025-07-04 00:00:00,Cerrado,,0
3436778,ACACIAS,"cajas de suelo que hacen ""chisporroteos"".",2025-07-11 00:00:00,Cerrado,,0
3409508,CADIZ,"SE HA QUITADO UN TORNILLO DE LA TAPADERA DEL INODORO, NECESITAMOS SE ARREGLE LO ANTES POSIBLE",2025-07-11 00:00:00,Cerrado,,0
3427703,CORDOBA,SUSTITUCION FILTRO DE RECUPERADOR,2025-07-11 00:00:00,Cerrado,,0
3427715,CORDOBA,Sustitución de reloj programador cuadro eléctrico,2025-07-11 00:00:00,Cerrado,,0
3427485,GIJON,"Hola, necesitamos que cambiar las dos luces de la escalera a los nuevos focos que no tiene embellecedor. Gracias",2025-07-11 00:00:00,Cerrado,,0
3427527,GIJON,"Hola, necesitamos que se cambien los filtros de carbón activo, pues vuelve a oler a fritanga zonas de la ofcina, como baños, escalera. Gracias",2025-07-11 00:00:00,Cerrado,,0
3423091,SEVILLA,FUGA AGUA MAQUINA AA EN BAÑOS CLIENTES,2025-07-11 00:00:00,Cerrado,,0
3427564,VALENCIA,"El AA  perdiendo fuerza tb en plta baja-Añadido a nuestra incidencia con aire en plra 1, desde finales de la semana pasada tb está fallando en la plta baja. El termostato está a 19 y la sensación de 26 o así. Necesitamos se repare lo posible",2025-07-11 00:00:00,Cerrado,,0
3427636,VALENCIA,Para dar soporte a Steelcase se solicita técnico aire acondionado- Para dar con el origen de la avería del aire acondicionado en la planta 1 Steelcase nos solicita soporte por parte de uno de nuestros técnicos. Gracias.-,2025-07-11 00:00:00,Cerrado,,0
3432327,VALENCIA,Necesitamos se tape un agujero en un armario de la cocina por donde entra un ratón. Adjunto foto,2025-07-11 00:00:00,Cerrado,,0
3437378,VALENCIA,"En planta principal cae agua por la pared de los kioskos - Hemos detectado en varios puntos que cae agua detrás de varios ordenadores, adjuntamos video donde se ve que el techo tiene agua.",2025-07-11 00:00:00,Cerrado,,0
3459540,CADIZ,SE HA CAIDO UN STORE Y SE HA ROTO UNA DE LAS CUERDAS,2025-07-18 00:00:00,Cerrado,,0
3464134,SABADELL,FREGADERO DE LA COCINA PRESENTA ATASCO Y NO DESAGUA CON FLUIDEZ,2025-07-18 00:00:00,Cerrado,,0
3472665,SANTANDER,Alumbrado de cuarto de cajero 4b - En el cuarto del cajero 4b se han fundido 4 bombillas y otras están parpadeando. Se solicita asistencia para su cambio. SANTANDER,2025-07-18 00:00:00,Cerrado,,0
3472580,SEVILLA,EN CAJERO 41 NOS COMENTA TÉCNICO DE PROSEGUR QUE HAY UN CABLE DE TENSION SUELTO Y HAY QUE ARREGLARLO PORQUE NO ENCIENDE EL CAJERO. TIENE QUE VENIR CON PROSEGUR PORQUE HAY QUE ABRIR CAJA FUERTE,2025-07-18 00:00:00,Cerrado,,0
3454480,ZARAGOZA,No funciona aire en sala RACK. LLevamos días observando que está a muy alta temperatura lo que no sabemos si puede ser peligroso. Hemos cambiado pilas del mando y sigue sin funcionar.No sabemos que más podemos hacer por lo que pasamos incidencia.,2025-07-18 00:00:00,Cerrado,,0
3490393,ACACIAS,"SUMINISTRO Y SUSTITUCION DE CAJA SUELO 
CAJETIN ABIERTO CON CABLES EN LA ZONA DE LOS CAJEROS EXTENOS - Hay un cajetín que no cierra, contiene cables y enchufes, situado entre los do cajeros externos. Puede ser peligroso si no se tapa bien",2025-07-25 00:00:00,Cerrado,,0
3494460,ACACIAS,Pestillo de una ventana que da al patio trasero estropeado,2025-07-25 00:00:00,Cerrado,,0
3494097,BILBAO,"PUERTA DE LA ENTRADA. TIRADOR - LA PUERTA DE ACCESO TIENE UNA BARRA QUE ES EL TIRADOR PARA ENTRAR. DICHO TIRADOR TIENE DOS PUNTOS DE ANCLAJE, EL PUNTO DE ANCLAJE SUPERIOR ESTA SUELTO. SOLICITAMOS REPARACION-",2025-07-25 00:00:00,Cerrado,,0
3490304,CADIZ,"LA PUERTA DEL RACK SIGUE SIN CERRARSE BIEN, HA VENIDO EL TÉCNICO DE CBRE PERO SE SIGUE QUEDANDO ENTREABIERTA - CORREMOS EL RIESGO QUE SE VUELVA A QUEDAR ATASCADA",2025-07-25 00:00:00,Cerrado,,0
3489869,COSTA RICA,ASISTENCIA CARPINTERO PARA CAMBIO DE PUERTA,2025-07-25 00:00:00,Cerrado,,0
3499551,MALAGA,La puerta de entrada no se cierra - Con el mecanismo de cierre la puerta no llega a quedarse cerrada por completo y el mecanismo de cierre no deja la puerta cerrada,2025-07-25 00:00:00,Cerrado,,0
3490774,PALMA DE MALLORCA,Instalación Store para ventanal de fachada a la calle - Tenemos un ventanal que requiere de la instalación de un Store para mitigar la entrada de luz solar en esa zona,2025-07-25 00:00:00,Cerrado,,0
3531042,DIAGONAL,"NO FUNCIONA BIEN EL AIRE ACONDICIONADO EN LA PLANTA 0 DE LA OFICINA, NO SALE AIRE Y DESPUES DE LA ÚLTIMA AVERIA PORFAVOR NECESITAMOS QUE LO REVISEN",2025-07-04 00:00:00,Cerrado,,0
3521831,MOSTOLES,"LAMPARAS PUESTOS - Las lamparas de los puestos se encienden y se apagan continuamente sin control, dando destellos, no las podemos mantener encendidas proque son muy molestas",,Cerrado,,0
3549863,Acacias,Nos comunican desde Acacias un fallo eléctrico el cual impide la apertura del cuarto RACK.,,Cerrado,,0
3616602,Acacias,MANIVELA ESTROPEADA DE LA PUERTA ALMACEN,,Cerrado,,0
3616630,Acacias,CISTERNA ROTA VESTUARIO CHICAS OF ACACIAS. No Funciona Bien la CISTERNA del Baño de las chicas y la tapa del Water está suelta,2025-08-29 00:00:00,Cerrado,,0
3567611,A CORUÑA,Tenemos una plaga de moscas en el sótano de la oficina,,Cerrado,,0
3563338,ALICANTE,"ALICANTE: Existe una incidencia previa, que finalmente no acaba de solucionarse, riesgo de quedarse cerrada, por favor es urgente.",,Cerrado,,0
3582074,ALICANTE,"ALICANTE: LA PUERTA DE ACCESO A LA OFICINA DE ALICANTE NO CIERRA, HAY QUE CERRAR FORZANDO.",,Cerrado,,0
3549040,CADIZ,CADIZ: ACUDE SECURITAS Y NOS COMENTA QUE SE NECISTA UN SERVICIO DE CERRAJERÍA PARA SUSTITUIR LA ACTUAL QUE ESTÁ DEFECTUOSA Y SE PUEDE CERRAR LA OFICINA. GRACIAS,,Cerrado,,0
3644246,CADIZ,SE HAN ROTO LOSAS DE LA FACHADA - CADIZ,2025-08-29 00:00:00,Cerrado,,0
3553561,CORDOBA,CORDOBA: Solicitamos servicio puntual por abundancia de mosquitos en la oficina,,Cerrado,3553561,1
3585581,DIAGONAL,El A/C no enfría bien. Lo tenemos a 16 grados y apenas se nota. Necesitamos que acuda algún técnico a revisar si hay alguna incidencia.,,Cerrado,,0
3616191,DIAGONAL,Hay cucarachas en la oficina otra vez,,Cerrado,,0
3643715,DIAGONAL,No funciona el grifo izquierdo del vestuario femenino de la planta -2,,Cerrado,,0
3653135,DIAGONAL,El pulsador externo de la puerta principal en muchas ocasiones falla y no se oye el timbre desde dentro de la oficina.,2025-08-29 00:00:00,Cerrado,,0
3615862,LAS PALMAS,Aire acondicionado apagado,2025-08-29 00:00:00,Cerrado,,0
3590880,MOSTOLES,Necesitamos que vengan a revisar la maquina del aire acondicionado.,,Cerrado,,0
3620986,MOSTOLES,Las lámparas de gestor se apagan y encienden sin motivo aparente. hemos enviado videos a Carlos Garcia,2025-08-29 00:00:00,Cerrado,,0
3620710,MURCIA,Murcia: No funciona la iluminacion en el vestuario masculino,2025-08-29 00:00:00,Cerrado,,0
3630695,SABADELL,Una de los WC de los vestuarios de caballero pierde bastante agua,2025-08-29 00:00:00,Cerrado,,0
3644117,SALAMANCA,Manilla puerta del baño rota y botón de whatchymochi atascado-,,Cerrado,,0
3620745,SANTANDER,Necesitamos reparar los programadores horarios del aire acondicionado de la oficina de Santander,,Cerrado,,0
3643950,SANTANDER,Revisión de filtraciones,2025-08-29 00:00:00,Cerrado,,0
3657283,SANTANDER,Avería cisterna - Rotura del botón de la cisterna del baño de los clientes.,2025-08-29 00:00:00,Cerrado,,0
3550106,SEVILLA,SEVILLA: EL TERMO SALE AGUA DE LAS CONEXIONES QUE TIENE DE LOS TUBOS POR DONDE ENTRA EL AGUA. HEMOS CERRADO LAS LLAVES DE PASO PARA QUE NO SALGA AGUA Y HAN DEJADO DE SALIR.,,Cerrado,,0
3616061,VALENCIA,Tenemos la mayoría de las tomas de luz de las mesas sin corriente,2025-08-29 00:00:00,Cerrado,,0
3553532,Valladolid,Hay varias lámparas del techo fundidas y se encuentran en el piso -1,2025-08-29 00:00:00,Abierto ,3553532,1
3567626,VIRIATO,"VIRIATO: Después de la limpieza, en la planta baja, quedó suelta una sujeción metálica de la moqueta y .la han tenido que arrancar porque una de las gestoras se la clavó en el pie con la consiguiente herida",2025-08-29 00:00:00,Cerrado,,0
3595391,ZARAGOZA,En la última semana hemos visto dos cucarachas en zona de cliente.,,Cerrado,,0
"3675994


368023",SEVILLA,La puerta de acceso a la oficina pega un portazo tremendo con riesgo de partirse el cristal,2025-09-05 00:00:00,Cerrado,,0
3681708,SEVILLA,Grifo baño femenino planta alta se sale y habrá que sustituirlo,2025-09-05 00:00:00,Cerrado,,0
3694469,TENERIFE,Solicitamos cambio de 6 bombillos que estan quemados,2025-09-05 00:00:00,Cerrado,,0
3694219,VALLADOLID,"El calentador de agua se ha roto y pierde agua - Hemos cerrado las 2 llaves que llevan al calentador pero sigue perdiendo agua,
 entendemos que no parara hasta que vacie el deposito. Por favor enviad asistencia técnica",2025-09-05 00:00:00,Cerrado,,0
3712968,ACACIAS,"URGE MUELLE ROTO PUERTA ENTRADA  - Se ha roto el muelle de la puerta de entrada principal, por favor, necesitamos que acudan a arreglarlo, gracias 
ATASCO URINARIO WC HOMBRES
ATASCO WC MUJERES
Lavabo baño mujeres pierde agua
Ventanas Planta alta  - Poner pestañas en 2 ventanas planta alta porque están descolocadas",2025-09-12 00:00:00,Cerrado,,0
3718385,ACACIAS,LAVABO BAÑO MUJERES PIERDE AGUA,2025-09-12 00:00:00,Cerrado,,0
3726330,BILBAO,"Cajon de madera gestor roto - Solicitamos reparacion de cajon de madera de puesto de gestor, han quedado los tornillos por 
fuera y puede ser peligroso que el gestor se pueda hacer daño.",2025-09-12 00:00:00,Cerrado,,0
3712925,SABADELL,URGENTE: DEBIDO A FILTRACION POR AGUA TENEMOS DESPERFECTOS EN LA OFICINA,2025-09-12 00:00:00,Cerrado,,0
3718369,SEVILLA,CISTERNA ROTA BAÑO UNISEX PLANTA BAJA,2025-09-12 00:00:00,Cerrado,,0
3708558,TENERIFE,Solicitamos reparar backlight de publicidad de metacrilato,2025-09-12 00:00:00,Cerrado,,0
3745146,ACACIAS,"EN LA ZONA DE ESPERA, DEBAJO DE LOS ASIENTO DONDE SE SIENTAN LOS CLIENTES, HAY UNA ARQUETA DE ENCHUFES ROTA, 
POR FAVOR, SI PODÉIS ACUDIR A REVISARLA",2025-09-19 00:00:00,Cerrado,,0
"3749893
3759272",ACACIAS,"EL AIRE ACONDICIONADO DE LA PLANTA BAJA NO ESTÁ FUNCIONANDO, YA TUVIMOS INCIDENCIA ESTE VERANO Y RECARGARON
 LA MÁQUINA DE GAS, PERO VUELVE A NO ENFRIAR. POR FAVOR, PODEIS ACUDIR A REVISARLO Y EN SU CASO A VOLVER A CARGAR DE GAS?",2025-09-19 00:00:00,Cerrado,,0
3740579,GRANADA,Tapadera baño femenino arrancada - GRANADA,2025-09-19 00:00:00,Cerrado,,0
3741175,GRANADA,"MESA DE GESTOR ( PUESTO 6) A PUNTO DE CAERSE - La mesa de atencion al publico 6, esta moviendose y esta a punto de partirse 
del todo, ya ha pasado en otras mesas y ha tenido que venir un carpintero a su reparación.",2025-09-19 00:00:00,Cerrado,,0
3759093,CADIZ,"SELLO DE PLACAS EN EL PUESTO DE AUTOSERVICIO - PEGAR LAS PLACAS DE ACERO EN LOS PUESTOS DE AUTOSERVICIO PARA QUE
 LOS CLIENTES NO TENGAN ACCESO A LOS CABLES",2025-09-19 00:00:00,Cerrado,,0
3749996,O'DONNELL,Cristal roto de cajeros debe venir un cristalero a tomar medidas para la sustitución del mismo,2025-09-19 00:00:00,Cerrado,,0
3754412,VALENCIA,"SE NOS HAN APAGADO 5 ORDENADORES DE LA PLANTA ALTA, HEMOS VISTO QUE EL DIFERENCIAL ESTABA SALTADO Y HEMOS
 INTENTADO SUBIRLO PERO HA SALTADO 3 VECES. POR FAVOR, PODEIS MANDARNOS UN TECNICO?",2025-09-19 00:00:00,Cerrado,,0
3777143,ACACIAS,"MAMPARA SEPARACIÓN CAJEROS INTERNOS-  SOLICITAMOS PERSONAL PARA ARREGLAR O CAMBIAR ALAMBRE DE MAMPARA QUE 
SEPARA LOS CAJEROS INTERNOS DE LA OFICINA DE ACACIAS YA QUE SE HA SOLTADO, GRACIAS",2025-09-26 00:00:00,Cerrado,,0
3771863,GIJON,"Facade ATM offline - Hello team, we are requesting your support with the ATM 1465033001, because is offline. Is needed to check the connection.
ATM info: 1465033001 172.27.14.34 172.27.14.33 /29 Gijón Plaza del Seis de Agosto 9 33206 WINCOR NCR 6684",2025-09-26 00:00:00,Cerrado,,0
3767102,LAS PALMAS,PALANCA GENERAL CUADRO ENFIRADORA,2025-09-26 00:00:00,Cerrado,,0
3781358,SEVILLA,Se ha caído backlight de publicidad que da al exterior y ver si se puede reparar con silicona o algo parecido.,2025-09-26 00:00:00,Cerrado,,0
3745093,VALENCIA,TENEMOS UNA GOTERA QUE JUSTO SALE DE UNA DE LAS ILUMINACIONES DE EMERGENCIA. APORTAMOS FOTOS.,2025-09-26 00:00:00,Cerrado,,0
"3772344
3776415
3776198",VIRIATO,"No podemos encender el aire en la planta baja de la oficina - Tanto el aire frío como la ventilación y el calor, provocan un ruido 
muy fuerte en la planta baja en la zona de cajeros, por favor podéis revisar cuanto antes? Gracias",2025-09-26 00:00:00,Cerrado,,0
3157758,CORDOBA,SUMINISTRO Y SUSTITUCION DE 7 EMERGENCIAS,2025-10-03 00:00:00,Cerrado,,0
3814828,COSTA RICA,"SUSTITUIR TIRAS ADHESIVAS PAPEL LIJA EN LAS ESCALERAS DE ACCESO A LA OFICINA- Están muy gastadas y existe riesgo de caídas 
de clientes",2025-10-03 00:00:00,Cerrado,,0
3815226,GIJON,Estamos sin impresora de kiosco,2025-10-03 00:00:00,Cerrado,,0
3798968,MERIDIANA,"El calentador de la oficina ha “reventado” por la parte superior provocando pérdida de agua. Hemos cerrado la entrada de agua. 
Por favor, ¿podéis enviar un técnico que valore su reparación o sustitución lo antes posible?",2025-10-03 00:00:00,Cerrado,,0
3819044,MURCIA,"GOTEA UN AIRE ACONDICIONADO DE DENTRO DE LA OFICINA - HOY NOS HEMOS ENCONTRADO CON UNA GOTERA, PARECE QUE 
PROVIENE DE UNA DE LAS SALIDAS DE AIRE ACONDICIONADO DE LA OFICINA. URGE PORQUE ESTÁ GOTEANDO CERCA DE UNA DE LAS IMPRESORAS- MURCIA",2025-10-03 00:00:00,Cerrado,,0
"3818836
3819486",O'DONNELL,PUERTA DE CAJEROS DE O´DONNELL SE HA IDO UN PERNO SOLDADO SOLICITAMOS VISITA DE CERRAJERO,2025-10-03 00:00:00,Cerrado,,0
3804066,SABADELL,"TENEMOS VARIOS SANITARIOS CON PROBLEMAS DE EVACUACION QUE NECESITAN INTERVENCIÓN-Hay varios sanitarios que no 
evacúan como deben y/o tienen problemas de atasco. Uno de ellos está en la parte de baños de clientes y el otro en zona de vestuarios.",2025-10-03 00:00:00,Cerrado,,0
3785799,SEVILLA,Aire acondicionado del cuarto técnico suelta agua,2025-10-03 00:00:00,Cerrado,,0
3809584,SEVILLA,Sale agua en el baño de planta baja y creemos que viene de la máquina de aire,2025-10-03 00:00:00,Cerrado,,0
3805329,VALENCIA,"Por orden del cliente, cambiar todos los grifos y válvulas que estén oxidadas de los baños.",2025-10-03 00:00:00,Cerrado,,0
3849677,ACACIAS,"LA PUERTA DE ENTRADA A LA OFICINA FALLA CUANDO TIENE PUESTO EL WATCH&. A VECES ABRE Y A VECES NO. AYER VINIERON 
TECNICOS, PERO SIGUE FALLANDO IGUAL. POR FAVOR, NECESITAMOS SOLUCIONAR LA AVERIA, YA QUE SE TRATA DE LA PUERTA PRINCIPAL. ADEMÁS, LOS MUELLES DE LA PUERTA NO FUNCIONAN BIEN Y CUESTA MUCHO CERRARLA. GRACIAS.",2025-10-09 00:00:00,Cerrado,,0
3854958,CORDOBA,El baño de clientes tira agua por el WC,2025-10-10 00:00:00,Cerrado,,0
3854973,CORDOBA,Pintura del almacén de la oficina en fechas comprendidas entre el 18 y el 22 de octubre,2025-10-10 00:00:00,Cerrado,,0
3854757,GIJON,Desplazar los encendidos de la oficina a otro lugar según plano adjunto,2025-10-10 00:00:00,Cerrado,,0
3840395,MALAGA,NO NOS FUNCIONA UN ALTAVOZ DEL HILO MUSICAL,2025-10-07 00:00:00,Cerrado,,0
3840417,MALAGA,SE HA DESCOLGADO UNA PERSIANA MANUAL,2025-10-07 00:00:00,Cerrado,,0
3814187,PALMA DE MALLORCA,JUEVES 09/10 A LAS 06:00 - DESMONTAJE Y MONTAJE DE MONITORES,2025-10-02 00:00:00,Cerrado,,0
3844438,SEVILLA,Varias luces de lampara de mesa de gestor fundidas,2025-10-08 00:00:00,Cerrado,,0
3870466,A CORUÑA,REPARACION LUZ ROTULO OFICINA - Reparación de una de las luces del rótulo de fachada de la oficina,2025-10-17 00:00:00,Abierto ,3870466,1
3885588,ACACIAS,COLOCAR CUBIERTA DE LA CAJA DE CONEXION ELECTRICA,2025-10-17 00:00:00,Cerrado,,0
3884949,BILBAO,Aire acondicionado fuerte olor a goma quemada,2025-10-17 00:00:00,Cerrado,,0
3885024,CORDOBA,INTERRUPTOR DIFERENCIAL,2025-10-17 00:00:00,Cerrado,,0
3870120,LAS PALMAS,PERFIL METALICO SALIDO ESQUINA EXTERIOR,2025-10-17 00:00:00,Cerrado,,0
3870159,LAS PALMAS,Puerta acceso empleado planta alta pierde una visagra,2025-10-17 00:00:00,Cerrado,,0
3870408,LAS PALMAS,Grifo del agua vestuario masculino averiado,2025-10-17 00:00:00,Cerrado,,0
3870102,MAJADAHONDA,"SE HAN SALIDO LOS TORNILLOS DE LA MANIVELA DE LA PUERTA DEL ASEO, NO TENEMOS POSIBILIDAD DE CERRAR LA PUERTA.
 ES URGENTE, GRACIAS",2025-10-17 00:00:00,Cerrado,,0
3885681,MERIDIANA,SUSTITUIR 5 LUCES DE EMERGENCIAS FUNDIDAS,2025-10-17 00:00:00,Cerrado,,0
3879638,SABADELL,NECESITAMOS RETIRAR LAS MAMPARAS DE METACRILATO DE LAS MESAS,2025-10-17 00:00:00,Cerrado,,0
3890080,SABADELL,"SE NECESITA REPARACION EN MESAS TRAS LA RETIRADA DE MAMPARAS. Se necesita sustituir con urgencia el tablero de dos mesas de la oficina, que resultaron dañadas al retirar las mamparas que llevaban pegadas. La urgencia deriva de que se va a iniciar la actividad de banca privada en la oficina, y la imagen de la mesa dañada no es compatible con la que esa tipologia de cliente espera.",2025-10-17 00:00:00,Cerrado,3890080,1
3855152,SALAMANCA,"Tenemos el Bombin del W&M roto y necesitamos coordinar visita de mantenimiento y Securitas para que lo reparen, y el boton 
de llamar el W&M - SALAMANCA",2025-10-17 00:00:00,Cerrado,,0
3889956,VALENCIA,"El aseo de clientes necesita una mano de pintura - Las paredes y techo del aseo de clientes está muy muy sucio. Sería 
conveniente pintarlo. Gracias.",2025-10-17 00:00:00,Cerrado,,0
3875492,ZARAGOZA,CORRECTIVO VARIOS - REPARAR MANETA Y CAMBIO KIT DESCARGA CISTERNA,2025-10-17 00:00:00,Cerrado,,0
3901700,GIJÓN,"Hola, al subir un estor se ha roto un poco al engancharse con un cable de la obra. 
Es necesario que nivelen el logo de ING en los estores. Gracias",2025-10-27 00:00:00,Cerrado,,0
3901471,SABADELL,SE HA ROTO LA MANETA DE LA PUERTA DEL DESPACHO Y NO SE PUEDE USAR,2025-10-27 00:00:00,Cerrado,,0
3917440,SABADELL,"SABADELL: Parece que se ha manipulado el mecanismo de la cisterna que permite el vaciado de la misma, los botones no funcionan, por lo que no se puede usar. Tenemos el baño cerrado mientras se procede a la reparación.",2025-10-27 00:00:00,Cerrado,,0
3901377,VALENCIA,"Necesitamos se retire lo que tapa el sensor de la foto, está en el cuarto contiguo al rack",2025-10-27 00:00:00,Cerrado,,0
3902183,VALENCIA,Necesitamos sustituir 2 estores por otros más tupidos ya que el sol dificulta mucho la atención en la primera mesa,2025-10-27 00:00:00,Cerrado,,0
3907380,VALENCIA,"LIMPIEZA CRISTALES OFICINA VALENCIA -Necesitamos se solicite a Garnica el uso de un elevador para la limpieza de los cristales de la planta 1 ya que con la pértiga, a pesar de los esfuerzos de los operarios, no se consigue el resultado necesario. Adjunto fotos.",2025-10-27 00:00:00,Cerrado,,0
3957786,A CORUÑA,Limpieza especial suelo por mancha de tinta de cajeros - Solicitamos limpieza para el suelo de manera urgente macha de tinta de los cajeros de fachada por colapso del cajetín de tinta.,2025-10-31 00:00:00,Cerrado,,0
3952664,CADIZ,TENEMOS UN GRIFO QUE GOTEA AGUA,2025-10-31 00:00:00,Cerrado,,0
3953144,CADIZ,EXTRACTOR DE AIRE EN EL BAÑO,2025-10-31 00:00:00,Cerrado,,0
3953182,CADIZ,ELECTROVALVULA SIN FUNCIONAR,2025-10-31 00:00:00,Cerrado,,0
3942021,COSTA RICA,INSTALACION DE 3 SEÑALES SIN SALIDA,2025-10-31 00:00:00,Cerrado,,0
3941915,GIJON,"Hola, la máquina de aire que tenemos encima de la puerta exterior huele mucho a polvo al usarla. Se ha revisado y sigue con el 
mismo olor.Gracias",2025-10-31 00:00:00,Cerrado,,0
3957695,GIJON,Servicio extra de limpieza por fin de obra. Limpieza de cristales planta 1 que no se pudo realizar la semana pasada,2025-10-31 00:00:00,Cerrado,,0
3957664,GIJON,Limpieza de la fachada exterior,2025-10-31 00:00:00,Cerrado,,0
3937250,MAJADAHONDA,Suelo zona cajero TV deteriorado,2025-10-31 00:00:00,Cerrado,,0
3942135,MAJADAHONDA,INSTALAR PEGATINAS BOLITAS NARANJAS EN PUERTA ZONA EXTERIOR,2025-10-31 00:00:00,Cerrado,,0
3942255,MAJADAHONDA,INSTALAR SEÑAL SIN SALIDA EN LA PUERTA ZONA EXTERIOR,2025-10-31 00:00:00,Cerrado,,0
3942285,MOSTOLES,"NECESITAMOS PEGATINAS PARA LAS PUERTAS TRANSPARENTES DE LA SALA DE REUNIONES PARA EVITAR QUE CLIENTES O 
EMPLEADOS SE PUEDAN CHOCAR CON LOS CRISTALES TRASNPARENTES",2025-10-31 00:00:00,Cerrado,,0
3942313,MOSTOLES,"NECESITAMOS ELEMENTOS DE SEÑALIZACION DE ""SOLO PERSONAL AUTORIZADO"" PARA LA PUERTA DE ACCESO AL ALMACEN Y 
PARA EL ACCESO A ZONA MÁQUINAS DE AIRE ACONDICIONADO",2025-10-31 00:00:00,Cerrado,,0
3942775,PALMA DE MALLORCA,Desinstalar mamparas de protección anti covid,2025-10-31 00:00:00,Cerrado,,0
3948175,VALENCIA,Se han desprendido los dos embellecedores de las pantallas,2025-10-31 00:00:00,Cerrado,,0
3947674,VIGO,"Luces indirecta zona gesotres  - Varias luces de la zona de los gestores, encima de la publicidad, no funcionan",2025-10-31 00:00:00,Cerrado,,0
3948102,VIGO,Rotura cristal luz interior cuadro tecnico,2025-10-31 00:00:00,Cerrado,,0
3942042,VIRIATO,Necesitamos unas Pegatinas de circulos naranjas para colocarlas en las mamparas de cristal de acceso a sala de reuniones,2025-10-31 00:00:00,Cerrado,,0
3942095,VIRIATO,"SUMINISTRAR E INSTALAR SEÑAL ""CUIDADO ESCALON"" EN ACCESO AL COMEDOR",2025-10-31 00:00:00,Cerrado,,0
3987154,DIAGONAL,Hay una gotera importante en el almacén de la planta -1. Está lloviendo y está cayendo bastante agua.,2025-11-07 00:00:00,Cerrado,,0
3987481,DIAGONAL,CORRECTIVO SEÑALADO POR ANTICIMEX- OQUEDAD DETRÁS DEL INODORO BAÑO VESTUARIO FEMENINO,2025-11-07 00:00:00,Cerrado,,0
3993077,GIJON,Han tenido que reconducir cables de los cajeros por la obra y por el nuevo aire y es necesario tapar o poner registro en 3 huecos en las paredes.,2025-11-07 00:00:00,Cerrado,,0
3973582,LAS PALMAS,"Un puesto del Kiosko, se le ha caido la tapa donde antiguamente estaba el teléfono. Solamente hay que pegarlo nuevamente con cinta de doble cara o silicona caliente",2025-11-07 00:00:00,Cerrado,,0
3987116,MOSTOLES,Tenemos un nuevo botiquín y necesitamos que vengan a colgarlo en la pared.,2025-11-07 00:00:00,Cerrado,,0
3987304,SABADELL,LA CRISTALERA DE LA FACHADA NO AISLA BIEN Y CON LLUVIA FUERTE ENTRA AGUA EN LA OFICINA,2025-11-07 00:00:00,Cerrado,,0
3988799,SANTANDER,"Zócalos fachada la calle - En la fachada que da a la calle San Fernando una parte de los zócalos están rotas, en un lado lo roto coincide con una arqueta de agua.",2025-11-07 00:00:00,Cerrado,,0
3976964,VALENCIA,"Salta un diferencial que afecta a 2 cajeros, los kioscos, una pantalla y 2 puestos de gestor",2025-11-07 00:00:00,Cerrado,,0
3977205,VALENCIA,Simulacro Incendio 13/11 entre las 9:10 y las 9:20 - Asistencia técnica requerida por el cliente.,2025-11-07 00:00:00,Cerrado,,0
3993044,VALENCIA,"Necesitamos se coloque de nuevo esta regleta en su sitio,. En el puesto del sales assistant se ha descolgado una regleta",2025-11-07 00:00:00,Cerrado,,0
4013785,CORDOBA,Solicitamos cambiar el climatizador de la oficina de frío a calor,2025-11-14 00:00:00,Cerrado,,0
4013836,CORDOBA,Puerta del baño de empleados rota,2025-11-14 00:00:00,Cerrado,,0
4022803,COSTA RICA,POMO PUERTA WC PLANTA BAJA SUELTO - WC CLIENTES PLANTA BAJA,2025-11-14 00:00:00,Cerrado,,0
4022946,COSTA RICA,"PUERTA METALICA ACCESO A LA OFICINA, SE ENGANCHA Y NO ABRE BIEN",2025-11-14 00:00:00,Cerrado,,0
4012431,GRANADA,RUIDO EQUIPO AA,2025-11-14 00:00:00,Cerrado,,0
4018528,MALAGA,"La puerta de entrada y salida a la oficina no se cierra del todo, se queda a unos centímetros de cerrarse, por lo que el watch and mochi no se activa y la puerta se queda abierta.",2025-11-14 00:00:00,Cerrado,,0
4022517,MURCIA,Los wc de ambos baños no tragan agua y en el de chicas el agua se sale. Es urgente,2025-11-14 00:00:00,Cerrado,,0
4017936,TENERIFE,El aire acondicionado del rack pierde agua. por favor necesitamos visita urgente,2025-11-14 00:00:00,Cerrado,,0
4012910,VALENCIA,Colocar los nuevos planos fotoluminiscentes - Es necesario cambiar los planos de marcos y colgarlos en su lugar,2025-11-14 00:00:00,Cerrado,,0
4042575,ACACIAS,"Por próxima auditoría de prevención de riesgos laborales, necesitamos reparar las lámparas de las mesas 7 y 10 de gestores, adjunto  foto de cada lámpara. Por favor, agilizar reparación porque la auditoría es a principios de diciembre
CAMBIO DE BOMBILLAS Y BALASTROS PUESTOS GESTORES 07 Y 10",2025-11-21 00:00:00,Cerrado,,0
4057478,ACACIAS,Revisar presión agua grifo lavabo baño clientes,2025-11-21 00:00:00,Cerrado,,0
4058167,BILBAO,LUZ FUNDIDA EN SALA DE REUNIONES. CAMBIAR POR BOMBILLA CORRESPONDIENTE. TRAER ESCALERA.,2025-11-21 00:00:00,Cerrado,,0
4057549,DIAGONAL,Fluorescente fundido en vestuario mujeres planta -2,2025-11-21 00:00:00,Cerrado,,0
4053189,GRANADA,SUMINISTRO Y SUSTITUCION DE LUCES DE EMERGENCIAS,2025-11-21 00:00:00,Cerrado,,0
4053153,GRANADA,SUMINISTRO Y SUSTITUCION DE FILTROS,2025-11-21 00:00:00,Cerrado,,0
4062114,MOSTOLES,Está fallando el muelle de la puerta de acceso a la oficina. necesitamos revisarlo.,2025-11-21 00:00:00,Cerrado,,0
4057669,O´DONNELL,MARTES 25 DE NOVIEMBRE DE 13 A 15 - Limpieza del armario de telecomunicaciones,2025-11-21 00:00:00,Cerrado,,0
4042724,SEVILLA,El cableado de roseta 49 al Rack es defectuosa - REVISAR TOMA Y CABLEADO QUE VA AL RACK,2025-11-21 00:00:00,Cerrado,,0
4062673,VALENCIA,MOVER PALETS QUE CONTIENE SUELO VINILICO AL ALMACEN,2025-11-21 00:00:00,Cerrado,,0
4042612,VIGO,"Gotera en el sistema de refrigeranción - Hemos pasado aviso porque caen gotas de la máquina del aire acondicionado del rac, abrimos ticket para dejar constancia.",2025-11-21 00:00:00,Cerrado,,0
4053051,VIRIATO,"Tenemos una gotera en medio de la sala en la planta 1 de la oficina de Sta engracia que esta cayendo agua.
GOTERA - ABRIR TECHO Y COMPROBAR BIEN DE DONDE PROVIENE",2025-11-21 00:00:00,Cerrado,,0
4062239,VIRIATO,"ERROR EN CALEFACCION - El aparato del aire acondicionado, da errores, se para y hay que ponerlo en marcha de nuevo. dando en ocasiones fallo ERROR. SUMINISTRO Y SUSTITUCION DE PLACA INVERTER",2025-11-21 00:00:00,Cerrado,,0
4042685,ZARAGOZA,La tapa del kiosko 04 esta caida. Contactar con MARIA JESUS CEBRIAN,2025-11-21 00:00:00,Cerrado,,0
4095860,ACACIAS,SUMINISTRO Y SUSTITUCION DE LUMINARIAS FUNDIDAS - ACACIAS,2025-11-28 00:00:00,Cerrado,,0
4080712,ARAGON,BLOQUEAR PUERTA ACCESO NUEVA OFICINA BARCELONA,2025-11-28 00:00:00,Cerrado,,0
4075730,CADIZ,"MODIFICAR FRIO CALOR - MODIFICAR LA TEMPERATURA DE LA OFICINA, CUANTO ANTES MEJOR",2025-11-28 00:00:00,Cerrado,,0
4090515,DIAGONAL,"VOLVEMOS A TENER CUCARACHAS EN VESTUARIO DE CHICAS PLANTA -2 - HEMOS ENCONTRADO SEIS EN CONCRETO...........SALEN DE LA JUNTA ENTRE PARED Y WC DEL VESTUARIO DE CHICAS , PORFAVOR ACUDIR URGENTE Y SELLARLO BIEN",2025-11-28 00:00:00,Cerrado,,0
4080720,GRANADA,RECALO OFICINA - Ha aparecido una mancha en la oficina que parece ser de una filtracion de agua de alguna bajante de la comunidad.,2025-11-28 00:00:00,Cerrado,,0
4090799,MALAGA,Se ha descolgado el tirador de la puerta corredera del wc de clientes. alguien ha debido de tirar con mucha fuerza.,2025-11-28 00:00:00,Cerrado,,0
4090827,MALAGA,"Uno de los backlight , donde colgamos la carteleria, q se ve desde la calle tiene una luz parpadeando",2025-11-28 00:00:00,Cerrado,,0
4085665,MOSTOLES,"NESITAMOS QUE VENGAN A REVISAR LA PUERTA DE ACCESO A LA OFICINA. SE QUEDA ATASCADA
URGENTE - Los pernios de 175 mm están gripados. Hay que desoldar y volver a soldar nuevos. Tiene 4 pernios. Los que peor están son los dos de abajo. MOSTOLES",2025-11-28 00:00:00,Cerrado,,0
4075702,MURCIA,"El inodoro del aseo de chicos está atascado y está a punto de salirse el agua, urge que acuda un técnico",2025-11-28 00:00:00,Cerrado,,0
4091050,O'DONNELL,SOLICITO INSTALAR UNA O DOS BALDAS EN EL CUARTO DE LIMPIEZA DE LA OFICINA DE ODONNELL MEDIDAS 60 LARGOX20 ANCHO PARA ALMACENAJE,2025-11-28 00:00:00,Cerrado,,0
4090903,OVIEDO,EL TECHO DEL RACK ESTÁ HUNDIDO - Los técnicos al hacer el cambio de luminarias se han dado cuenta que el techo del rack está hundido. Necesitamos que vengan a revisarlo lo antes posible.,2025-11-28 00:00:00,Cerrado,,0
4090869,VALENCIA,Cerradura sin embellecedor,2025-11-28 00:00:00,Cerrado,,0
1838057,VALENCIA,Necesitamos que nos pongan 3 pegatinas en el ascensor de NO UTULIZAR EN CASO DE EMERGENCIA,2025-11-28 00:00:00,Cerrado,,0
4111981,CÓRDOBA,Persiana mecánica interior de oficina descolgada,2025-12-05 00:00:00,Cerrado,,0
4117315,DIAGONAL,La calefacción en planta 0 no funciona,2025-12-05 00:00:00,Cerrado,,0
4122053,DIAGONAL,"El armario de recepción no cierra, las bandas magnéticas están gastadas y no enganchan",2025-12-05 00:00:00,Cerrado,,0
4123842,GIJÓN,SUMINISTRO Y SUSTITUCION CISTERNA BAÑO ROTA,2025-12-05 00:00:00,Cerrado,,0
4122137,MÓSTOLES,No funciona el baño - Hemos tenido que desenchufar la trituradora porque se ha quedado pillada y no funciona.,2025-12-05 00:00:00,Cerrado,,0
4121510,MURCIA,Otra vez el aire de la salita sale helado,2025-12-05 00:00:00,Cerrado,,0
4111966,VIGO,"RABA BLOQUEADA - La raba de apertura de la oficina de Vigo ha quedado bloqueada en posición de apertura, y no se cierra la puerta de acceso a la oficina. Necesitamos, con urgencia, visita de técnico para repararla.",2025-12-05 00:00:00,Cerrado,,0
4164672,ACACIAS,REPARACIÓN PICAPORTE VESTUARIO MASCULINO,2025-12-12 00:00:00,Cerrado,,0
4168832,DIAGONAL,A PETICION DEL CLIENTE MEDIR CONSUMO DEL RACK DE COMUNICACIONES - INFORMAR CUANTO CONSUME,2025-12-12 00:00:00,Cerrado,,0
4158494,MÓSTOLES,Tenemos una gotera en la oficina y necesitamos que vengan a revisarlo,2025-12-12 00:00:00,Cerrado,,0
4153929,SABADELL,La fijación de una de las lámparas de gestor de la oficina ha cedido y ha quedado colgando de los cables. Necesitamos intervención urgente para evitar que acabe de caer y la rotura de los cables.,2025-12-12 00:00:00,Cerrado,,0
4164050,SABADELL,"LA COMUNIDAD DE PROPIETARIOS SE QUEJA DEL RUIDO DE LOS EQUIPOS DE LA CUBIERTA DEL EDIFICIO, ESPECIALMENTE POR LA NOCHE
Hemos recibido un correo de la empresa administradora del edificio, que nos traslada la queja de los vecinos sobre el ruido de los equipos de climatización que están en la cubierta. Especialmente por la noche.",2025-12-12 00:00:00,Cerrado,,0
4168899,SABADELL,A PETICION DEL CLIENTE MEDIR CONSUMO DEL RACK DE COMUNICACIONES - INFORMAR CUANTO CONSUME,2025-12-12 00:00:00,Cerrado,,0
4168860,SEVILLA,A PETICION DEL CLIENTE MEDIR CONSUMO DEL RACK DE COMUNICACIONES - INFORMAR CUANTO CONSUME,2025-12-12 00:00:00,Cerrado,,0
4168491,VALENCIA,OOS 250891 SUBSANACIONES OCA BT VALENCIA,2025-12-12 00:00:00,Cerrado,,0
4152794,ZARAGOZA,REVISAR CERRADURA - ROZA Y LA PUERTA SE QUEDA ATASCADA,2025-12-12 00:00:00,Cerrado,,0
4191920,DIAGONAL,Hoy está lloviendo mucho en Bcn y volvemos a tener goteras en el almacén de la -1,2025-12-19 00:00:00,Cerrado,,0
4194440,DIAGONAL,El primer grifo del wc de la -1 no funciona,2025-12-19 00:00:00,Cerrado,,0
4058200,GIJON,REVISAR EMERGENCIAS - SUMINISTRAR Y SUSTITUIR POR EMERGENCIAS AUTO TEST,2025-12-19 00:00:00,Abierto ,4058200,1
4184163,LAS PALMAS,WC no traga agua - Averiado,2025-12-19 00:00:00,Cerrado,,0
4184184,LAS PALMAS,"AGUJERO O MANCHA NEGRA EN EL TECHO - Tenemos una mancha que cada día es más grande o un agujero, no lo tenemos identificado.",2025-12-19 00:00:00,Cerrado,,0
4185302,LAS PALMAS,ROTURA VISAGRA PUERTA ARMARIO VALIJA,2025-12-19 00:00:00,Cerrado,,0
4184133,O'DONNELL,En la fachada de O´Donnell tenemos dos pintadas adjunto imagenes,2025-12-19 00:00:00,Cerrado,,0
4189152,PALMA DE MALLORCA,"La maneta interior de la sala del rack está suelta y al intentar salir si estiras sin ir con cuidado te quedas con la maneta en la mano, nos urge un poco por el riesgo de quedarse encerrado",2025-12-19 00:00:00,Cerrado,,0
4195089,SALAMANCA,"GOTEO LAVABO VESTUARIO - Ha empezado a gotear uno de los lavabos de las chicas por detrás, hemos cerrado la llave de paso del agua, pero necesitamos que vengan a revisarlo. Gracias",2025-12-19 00:00:00,Cerrado,,0
4194848,VALENCIA,"Necesitamos máquina para limpiar esta parte del suelo - Buenas, tras un incidente violento con un cliente, el suelo ha quedado tal cual se muestra en las fotos y la limpiadora con sus medios no consigue mejorarlo.",2025-12-19 00:00:00,Cerrado,,0
4188754,VIRIATO,Puesto de atención rápidaCerradura del mueble en mal estado. Se necesita cambiar Contactar con Guzmán Peñalba 912066729,2025-12-19 00:00:00,Cerrado,,0
4219739,ACACIAS,"No funciona bien la calefacción-Ha comenzado el frío y la ofi no tiene temperatura adecuada, tarda en coger calor con las consiguientes quejas de clientes y gestores, pero no es solo la calefacción, también pasa con el AA en verano.",2025-12-26 00:00:00,Cerrado,,0
4224739,ACACIAS,CORRECTIVO - ENCHUFE DE SUELO ROTO,2025-12-26 00:00:00,Cerrado,,0
4224671,CADIZ,SE HA ROTO LA CADENA DEL ESTOR,2025-12-26 00:00:00,Cerrado,,0
4224596,GRANADA,AIRE CONDICIONADO ROTO,2025-12-26 00:00:00,Cerrado,,0
4291064,DIAGONAL,"El aire caliente se apaga, no se mantiene encendido y con estos días de frío la temperatura dentro de la oficina se queda bajita y se siente frío",2026-01-07 00:00:00,Cerrado,,0
4301959,VIGO,"Goteo del aparato de aire del RAC - El aparato del RAC, entendemos que por condensación gotea constantemente.",2026-01-07 00:00:00,Cerrado,,0
4301980,VIGO,"Foco descolgado - Foco de la planta 1 al lado del baño, descolgado. se sujeta por solo1 de los 2 puntos de sujeción al techo",2026-01-07 00:00:00,Cerrado,,0
4306889,COSTA RICA,WC PLANTA ALTA CHICOS CISTERNA PIERDE AGUA,2026-01-09 00:00:00,Cerrado,,0
4306913,COSTA RICA,MALOS OLORES EN LA ENTRADA A LA OFICINA. PLANTA BAJA - OLOR A WC ENPLANTA BAJA,2026-01-09 00:00:00,Cerrado,,0
4311709,DIAGONAL,"El último grifo de los lavabos de la -1 no funciona. Hay tiquet abierto para el 1r grifo, que tampoco funciona.",2026-01-09 00:00:00,Cerrado,,0
4313280,VALLADOLID,Timbre con sensor de presencia roto,2026-01-09 00:00:00,Cerrado,,0
4343344,ACACIAS,Solicitamos acudan a pintar la puerta de entrada ya que el tirador vertical se encuentra muy descascarillado. Adjuntamos imágenes.,2026-01-16 00:00:00,Cerrado,,0
4343643,ACACIAS,MARCO Y PUERTA DEL RACK,2026-01-16 00:00:00,Cerrado,,0
4348662,ACACIAS,"DESPEGAR de los dos PAD y de la MESA de la SALA DE REUNIONES LAS MAMPARAS de metacrilato, sin estropear la superficie",2026-01-16 00:00:00,Cerrado,,0
4338151,ALICANTE,La cadena del váter no se cierra bien y sale agua,2026-01-16 00:00:00,Cerrado,,0
4348701,CADIZ,EL POMO DE LA PUERTA DEL CUARTO DEL RACK ESTÁ ROTO- VOLVEMOS A TENER PROBLEMAS CON EL POMO DE LA PUERTA DEL RACK,2026-01-16 00:00:00,Cerrado,,0
4328048,COSTA RICA,SOLICITAMOS PONER 2 CINTAS DE LIJA PARA EVITAR RESBALONES DE CLIENTES EN EL ACCESO DE LA OFICINA,2026-01-16 00:00:00,Cerrado,,0
4328466,SABADELL,LOS VECINOS DE ARRIBA SIGUEN QUEJANDOSE DEL RUIDO DE LAS MAQUINAS DE LA AZOTEA - REVISAR URGENTE,2026-01-16 00:00:00,Cerrado,,0
4348982,TENERIFE,Necesitamos aceitar bisagras de puerta de entrada que hacen mucho ruido y calibrar el brazo de cierre,2026-01-16 00:00:00,Cerrado,,0
4349071,TENERIFE,Reemplazo de bombillas que no funcionan,2026-01-16 00:00:00,Cerrado,,0
4349084,TENERIFE,Tenemos varios zócalos de la pared despegados,2026-01-16 00:00:00,Cerrado,,0
4327955,VALENCIA,Se ha despegado una pieza para cerrar este armario de la impresora de kioscos,2026-01-16 00:00:00,Cerrado,,0
4343287,VALENCIA,Arreglo de baldosas rotas en baño caballeros,2026-01-16 00:00:00,Cerrado,,0
4364718,ACACIAS,CORRECTIVO A REALIZAR EN ASEO VESTUARIO MUJERES DESPUES DE INSTALAR EL NUEVO WC,2026-01-23 00:00:00,Cerrado,,0
4394511,ACACIAS,ARREGLAR DESPERFECTO MESA SALA REUNIONES DESPUES DE RETIRADA MAMPARAS,2026-01-23 00:00:00,Cerrado,,0
4364759,COSTA RICA,CORRECTIVO - PARTE DEL SISTEMA DE APERTURA DE PUERTA AUTOMATICA DEL GARAJE ESTÁ EN EL SUELO,2026-01-23 00:00:00,Cerrado,,0
4364600,DIAGONAL,El primer grifo de los lavabos de la -1 que lo cambiaron hace poco pierde agua -,2026-01-23 00:00:00,Cerrado,,0
4364677,DIAGONAL,La puerta trasera de emergencia no abre,2026-01-23 00:00:00,Cerrado,,0
4375620,DIAGONAL,"DEBIDO A LA OBRAS DE LA OFICINA NECESITAMOS CALEFACTORES PORFAVOR YA QUE NOS HAN DEJADO SIN EL SISTEMA DE CALEFACCION EN LA OFICINA, ES URGENTE",2026-01-23 00:00:00,Cerrado,,0
4368893,DIAGONAL,Hemos tenido mucha lluvia estos últimos días y hay una gotera en el medio de la planta -1,2026-01-23 00:00:00,Cerrado,,0
4375685,GRANADA,"Tenemos rota del baño de mujeres la tapadera del wc, ya se ha roto otras veces por lo que deberíamos sustituirla quizá ya que cuando la meten al poco tiempo vuelve a estar igual y la cisterna se ha roto de nuevo el pulsador",2026-01-23 00:00:00,Cerrado,,0
4375357,MAJADAHONDA,La Tapa Kiosko 4 esta caida hay que colocarla y dejarla fija,2026-01-23 00:00:00,Cerrado,,0
4369693,MALAGA,"Necesitamos arreglo de la cerradura de la puerta corredera del wc, hace unos dias la arrancaron y actualmente la tenemos encajada pero sin agarres, se puede volver a caer en cualquier momento.",2026-01-23 00:00:00,Cerrado,,0
4359219,O'DONNELL,Verificar los horarios que tienen de encendido y apagado la máquina de climatización.,2026-01-23 00:00:00,Cerrado,,0
4375387,O'DONNELL,VIERNES 23/01 A LAS 09:30 - CONFIGURACION HORARIO MAQUINAS,2026-01-23 00:00:00,Cerrado,,0
4369607,VALENCIA,La pta no se cierra debido al enganchón de una carretilla que ha levantado el aluminio del suelo-Adjunto foto donde se ve placa metálica que se ha levantado sin querer al pasar carretilla y que ahora provoca que la puerta no se abra ni cierre.,2026-01-23 00:00:00,Cerrado,,0
4375556,ZARAGOZA,Kiosko - Kiosco 4 tapa desencajada,2026-01-23 00:00:00,Cerrado,,0
4395231,BILBAO,"La puerta de la entrada no se vuelve, el muelle esta cedido y no se cierra al paso del cliente. Queda siempre abierta, junto al marco, pero sin la fuerza suficiente como para cerrarse. Hay que apretar el muelle",2026-01-30 00:00:00,Cerrado,,0
4406619,CORDOBA,Los cristales de la puerta principal y sus laterales cimbrean,2026-01-30 00:00:00,Cerrado,,0
4406656,CORDOBA,WC de clientes echa agua por el lavabo,2026-01-30 00:00:00,Cerrado,,0
4405625,GIJON,"Buenos días, por favor es necesario limpiar las bandejas que están debajo de los aparatos de aire porque están sucias y con agua.",2026-01-30 00:00:00,Cerrado,,0
4395161,MERIDIANA,"Urinario en baño de chicos atascado. Cuanto pulsan el botón de la cisterna, sale todo el agua hacia fuera llenando todo el suelo de agua",2026-01-30 00:00:00,Cerrado,,0
4405538,MOSTOLES,LA CORTINA DE AIRE DE LA ENTRADA HA DEJADO DE FUNCIONAR DESDE AYER. NECESITAMOS QUE VENGAN A REVISARLA. HEMOS REVISADO EL CUADRO ELECTRICO Y ESTA TODO FUNCIONANDO.,2026-01-30 00:00:00,Cerrado,,0
4416428,PALMA DE MALLORCA,"Maneta interna del rack fuera del perno y detector de apertura descolgado-La maneta interna de la puerta del Rack y cajeros se ha salido al no soportar la base de la maneta la sujeción con la puerta, nos hemos quedado con ella en la mano",2026-01-30 00:00:00,Cerrado,4416428,1
4416761,VALENCIA,Necesitamos se PINTE y coloque de nuevo la luminaria,2026-01-30 00:00:00,Cerrado,,0
4454367,A CORUÑA,SUMINISTRO Y SUSTITUCION DE EMERGENCIAS - CORRECTIVO OCA,2026-02-06 00:00:00,Cerrado,4454367,1
4437362,CADIZ,"Hay un olor muy desagradable en la oficina, huele a cañería y tenemos quejas del clientes y gestores",2026-02-06 00:00:00,Cerrado,4437362,1
4448695,CADIZ,"ARREGLO CAJA DE EXTRACCIÓN 
INSTALACIÓN NUEVO CABLEADO PARA ALIMENTAR EXTRACTOR",2026-02-06 00:00:00,Cerrado,4448695,1
4448062,COSTA RICA,REALIZAR CORRECTIVOS SOLICITADOS POR ANTICIMEX,2026-02-06 00:00:00,Cerrado,,0
4431929,DIAGONAL,La puerta de emergencia interior de la planta 1 está bloqueada y la barra de apertura está partida,2026-02-06 00:00:00,Cerrado,,0
4431878,MOSTOLES,Necesitamos que vengan a arreglar la barra de la puerta de emergencia trasera. La barra esta suelta y en cuanto la presionas se va al suelo. es necesario fijarla de alguna manera.,2026-02-06 00:00:00,Cerrado,,0
4438259,MOSTOLES,REVISAR PERNIOS DE LA PUERTA DE ENTRADA,2026-02-06 00:00:00,Cerrado,,0
4437298,OVIEDO,POR FAVOR NECESITAMOS QUE VENGAN A ARREGLAR LA MANILLA DEL VESTUARIO MASCULINO,2026-02-06 00:00:00,Cerrado,,0
4437339,VALENCIA,SUMINISTRO Y SUSTITUCION DE LUMINARIAS FUNDIDAS,2026-02-06 00:00:00,Cerrado,,0
4431855,VALLADOLID,El rótulo de la fachada exterior trasera parpadea,2026-02-06 00:00:00,Cerrado,,0
4467941,BILBAO,Enganche para acercar o alejar la TV de la pared se encuentra estropeado - Puesto 2(0068622) el enganche para acercar o alejar la TV de la pared se encuentra roto y se suelta al manipularla para acceder al cableado trasero,2026-02-13 00:00:00,Cerrado,,0
4479414,CADIZ,SOLICITAMOS DOS PERCHEROS PARA EL VESTUARIO,2026-02-13 00:00:00,Cerrado,,0
4483635,MOSTOLES,TENEMOS LA TRITURADORA DEL BAÑO DE LAS CHICAS QUE SUENA MUY MAL Y TENEMOS OTRO BAÑO QUE PIERDE AGUA.,2026-02-13 00:00:00,Cerrado,,0
4467990,MURCIA,"Se ha caido uno de los paneles naranjas del kiosko , necesitamos que acudan a ponerlo bien y que no vuelva a caerse",2026-02-13 00:00:00,Cerrado,,0
4489577,SANTANDER,"Buenos días, se solicita revisión de la red de los kiosko e impresora, así como certificar los cables de electrónica y red.",2026-02-13 00:00:00,Cerrado,,0
4484691,VALENCIA,NECESITAMOS QUE NOS ARREGLEN EL ESCALÓN ROTO QUE OS ADJUNTO EN LA FOTO.,2026-02-13 00:00:00,Cerrado,,0
4478733,VIGO,"La puerta lleva rota desde que antes de que el coordinador fuera coordinador de la oficia, es necesario cambiarla. No se pueden pedir videos al desconocer la fecha.",2026-02-13 00:00:00,Cerrado,,0
4504260,BILBAO,Se ha roto la barra para abrir la puerta de la entrada. Se han roto ambas soldaduras y se ha soltado la barra. Estaba recién soldada y casi le cae a un cliente encima. La hemos retirado por completo.,2026-02-20 00:00:00,Cerrado,,0
4515718,CORDOBA,Se solicita Regleta electrica de 4 tomas para el puesto 3 de la oficina de Cordoba,2026-02-20 00:00:00,Cerrado,,0
4504415,SABADELL,VOLVEMOS A TENER FILTRACIONES DE AGUA EN LA OFICINA,2026-02-20 00:00:00,Cerrado,,0
4510120,SALAMANCA,"Una de las cortinas que tenemos en el escaparate de la oficina se ha caido y necesitamos que venga alguien a volver a instalarla. Se nos ha caido el otro estor de la oficina, hace aproximadamente 1 mes abrimos incidencia por un estor que se ha caido de la oficina, ahora se nos ha caido el otro, vinieron a ponerlo, pero como está a mucha altura del suelo una persona sola no lo pudo poner, pues ahora nos tienen que poner los 2, Gracias",2026-02-20 00:00:00,Cerrado,,0
4510082,VALENCIA,NECESITAMOS QUE NOS CAMBIEN LAS LUCES FUNDIDAS DEL ALMACEN. ADJUNTO FOTO.,2026-02-20 00:00:00,Cerrado,,0
4520740,VALENCIA,SELLADO VIDRIO EN FACHADA,2026-02-20 00:00:00,Cerrado,,0
4549135,BILBAO,"La mesa de gestor puesto 5 tiene la pata rota en su base, la mesa está inestable y con riesgo de caída. Creo que se puede reparar fijando con soportes o encolando la pata de la mesa",2026-02-27 00:00:00,Cerrado,,0
4559365,COSTA RICA,AIRE ACONDCIONADO RACK PRIMARA PLANTA NO ENFRIA BIEN LIMPIEZA CON DESENGRASANTE,2026-02-27 00:00:00,Cerrado,,0
4559510,COSTA RICA,"En el grupo electrógeno hay algo de aceite, tiene alguna fuga.",2026-02-27 00:00:00,Cerrado,,0
4559518,COSTA RICA,FOCOS DE LUZ PEGADOS A LAS COLUMNAS EN PLANTA ALTA EN ZONA DE CLIENTES. PARPADEAN 2 BOMIBILLAS. CAMBIAR,2026-02-27 00:00:00,Cerrado,,0
4559546,COSTA RICA,"PUERTA NARANJA METALICA ACCESO CALLE - hay veces que no cierra, se queda abierta, como si el muelle hubiera perdido fuerza.",2026-02-27 00:00:00,Cerrado,,0
4559552,COSTA RICA,PUERTA DE ACCESO BLANCA ACRISTALADA NO CIERRA OK,2026-02-27 00:00:00,Cerrado,,0
4559768,GIJON,INCIDENCIA CORTINA DE AIRE,2026-02-27 00:00:00,Abierto ,4559768,1
4548983,MAJADAHONDA,"Señalitica ""SIN SALIDA"" mal colocada en medio de la puerta - Cambio de la señal de salida que esta colocada en medio de la puerta y ponerla en la parte superior de la puerta",2026-02-27 00:00:00,Cerrado,,0
4554560,SANTANDER,Certificación de cables de RED de DATOS de Puestos Kiosko e Impresora Kiosko,2026-02-27 00:00:00,Cerrado,,0
4540275,VALENCIA,Revisar cableado de todos los estores de la oficina (plta baja y alta). odos los cables sueltos tienen que quedar recogidos. Tapar huecos.,2026-02-27 00:00:00,Cerrado,,0
4540308,VALENCIA,"Rodapié roto en el vestuario de chicos, necesitamos se repare.",2026-02-27 00:00:00,Cerrado,,0
4549073,VALENCIA,REVISAR CABLEADO DE TODOS LOS ESTORES DE LA OFICINA (PLANTA BAJA Y ALTA) - TODOS LOS CABLES SUELTOS TIENEN QUE QUEDAR RCOGIDOS.,2026-02-27 00:00:00,Cerrado,4549073,1
4594198,CORDOBA,El baño de clientes se ha desbordado el WC y llenado el suelo de agua -,2026-03-06 00:00:00,Cerrado,,0
4555958,COSTA RICA,SUBSANACIONES DEFICIENCIAS BT 2025,2026-03-06 00:00:00,Cerrado,,0
4580610,MALAGA,Se nos ha descolgado uno de los focos. esta apunto de caerse. esta justo encima de los cajeros.,2026-03-06 00:00:00,Cerrado,,0
4584811,MALAGA,La tapa del wc se mueve pq tiene una pieza rota. Cambiar pieza,2026-03-06 00:00:00,Cerrado,,0
4580645,MERIDIANA,SE HA ROTO EL TENSOR DE LA PUERTA -,2026-03-06 00:00:00,Cerrado,,0
4574554,MOSTOLES,SUBSANACIONES DEFICIENCIAS BT 2025,2026-03-06 00:00:00,Cerrado,,0
4510532,MOSTOLES,SUMINISTRO SANITRIT BAÑO MINUSVALIDOS PARA STOCK,2026-03-06 00:00:00,Cerrado,,0
4580681,SALAMANCA,"BACKLIGHT descolgados - Tenemos los backlights muy deteriorados, hasta el punto que está desprendido de 1 lado y puede que se caiga - El enganche del techo que puede suponer un peligro si se llega a desprender",2026-03-06 00:00:00,Cerrado,4580681,1
4585027,SALAMANCA,"SE HAN CAIDO DOS ESTORES, SE HAN DAÑADO LOS EJES Y ESTAN DOBLADOS - SALAMANCA",2026-03-06 00:00:00,Cerrado,4585027,1
4584896,SANTANDER,En los vestuarios se han fundido varias bombillas. Necesitamos sustitución.,2026-03-06 00:00:00,Cerrado,,0
4595654,TENERIFE,Tenemos atasco en los lavabos y water y se han desbordado. Por favor necesitamos asistencia urgente,2026-03-06 00:00:00,Cerrado,,0
4590731,VALENCIA,NECESITAMOS NOS REPONGAN UNA LUZ DEL TECHO DEL BAÑO DE LAS CHICAS QUE SE HA FUNDIDO.,2026-03-06 00:00:00,Cerrado,,0
4596195,VALENCIA,NO FUNCIONA LA CISTERNA DEL BAÑO DE CLIENTES,2026-03-06 00:00:00,Cerrado,,0
4595287,VIRIATO,Reparar cerradura Mueble del puesto de atención rápida,2026-03-06 00:00:00,Cerrado,,0
4615854,GIJON,"DebaJo de los Kioskos se ve cableado electrico sin proteccion, ni canalizar.",2026-03-13 00:00:00,Cerrado,,0
4619841,LAS PALMAS,Atasco en baño planta baja,2026-03-13 00:00:00,Cerrado,,0
4615058,MOSTOLES,EL EQUIPO DE CLIMATIZACION DE ERROR - HAY VARIAS ZONAS DONDE EL SISTEMA MUESTRA ERROR. NECESITAMOS QUE VENGAN A REVISARLO.,2026-03-13 00:00:00,Cerrado,4615058,1
4624921,MOSTOLES,ATASCO BAÑO MINUSVALIDOS,2026-03-13 00:00:00,Cerrado,,0
4804756,OVIEDO,"No se puede cerrar la trampilla donde se conectan los cables, estos sobresalen mucho",2026-03-13 00:00:00,Cerrado,4804756,0
4610075,SANTANDER,La lámpara del kiosko se ha desprendido del techo. Se adjunta foto.,2026-03-13 00:00:00,Cerrado,,0
4621036,SANTANDER,"Fallo en toma corriente - En la planta baja, en la primera mesa de gestor la toma que hay para corriente de enchufe y USB no funciona. Se vertió agua. Necesitamos revisión.",2026-03-13 00:00:00,Cerrado,,0
4630845,SANTANDER,"El hilo musical no se escucha, se contacta con la empresa e indican que está correcto que parece fallo del cable que conecta el sonido con los altavoces. Aconseja que lo revise un técnico.",2026-03-13 00:00:00,Cerrado,,0
4615812,VALENCIA,"Certificación de cables de RED de DATOS de Puesto Kiosko 002-necesitamos que se revise, conecte y certifique el cable de red de datos del puesto kiosko 002. El PC conectado no muestra link ni muestra información de MAC en Switches.",2026-03-13 00:00:00,Cerrado,,0
4630738,VALENCIA,SUMINISTRAR Y COLOCAR EMERGENCIA QUE FALTA EN PLANTA ALTA,2026-03-13 00:00:00,Cerrado,,0
4646134,ACACIAS,Solicitamos operario para la reparación de una persiana en la planta baja ya que la cuerda esta rota por lo que no sube a su vez rogamos que revisen todas ya que algunas de ellas están fallando,2026-04-01 00:00:00,Cerrado,,0
4714216,ACACIAS,"Varias persianas en la planta alta se quedan enganchadas y no se pueden bajar, hay que tirar de ellas para cerrarlas.",2026-04-01 00:00:00,Cerrado,4714216,1
4644254,COSTA RICA,"8 LEDS DE LAMPARAS DE PIE DE MESA DE GESTOR FUNDIDAS-REEMPLAZAR LEDS LAMPARA MESA GESTOR. IMPORTANTE, MUY POCA LUZ EN LA MESA DE ATENCION AL CLIENTE",2026-04-01 00:00:00,Cerrado,,0
4644323,COSTA RICA,WC CABALAEROS PLANTA BAJA CLEINTES ESTROPEADO. SUELTA AGUA. TENEMOS EL WC CERRADO,2026-04-01 00:00:00,Cerrado,,0
4679455,GIJÓN,"Hola, no cierra el pestillo del baño de clientes. Gracias",2026-04-01 00:00:00,Cerrado,4679455,1
4629899,MAJADAHONDA,REPARACION CONDUCTOS ZONA CAJEROS,2026-04-01 00:00:00,Cerrado,4629899,1
4650576,MALAGA,Sustitución de luces de emergencias,2026-04-01 00:00:00,Cerrado,4650576,1
4689833,MERIDIANA,LA NEVERA NO CEIRRA LA PUERTA,2026-04-01 00:00:00,Cerrado,,0
4679331,O'DONNELL,"PICAPORTE PUERTA VESTUARIOS FEMENINOS ROTA 
Cambio picaporte aseos porque esta roto el pestillo de cierre",2026-04-01 00:00:00,Cerrado,,0
4650574,TENERIFE,SE DESOLDO EL TUBO DE AGARRE DE APERTURA Y CIERRE DE PUERTA DE ENTRADA CON LO QUE TENEMOS QUE TENERLA ABIERTA. NECESITAMOS VISITA URGENTE,2026-04-01 00:00:00,Cerrado,4650574,1
4655708,TENERIFE,"Por favor solicitamos intervención urgente por atasco en las tuberías, el agua desborda por los lavabos y por la sala de limpieza",2026-04-01 00:00:00,Cerrado,,0
4719147,TENERIFE,"31/03/2026 SE DA AVISO URGENTE AL SERVICIO TÉCNICO - ACUDEN HOY- ARREGLADO- NOS INDICAN QUE FALLA LA CERRADURA ELECTRONICA, NO SE ACTIVA EL WATCH & MOCHI -  INFORMO A DIEGO PARA QUE AVISE A SECURITAS.",2026-04-01 00:00:00,Cerrado,,0
4759905,ACACIAS,VISITA CONJUNTA CON METALISTA/CERRAJERO + SECURITAS,2026-04-10 00:00:00,Cerrado,4759905,1
4759816,GRANADA,PUERTA BAÑO SEÑORAS ROTA - Tenemos la manivela de la puerta del baño de señoras roto y totalmente descolgado,2026-04-10 00:00:00,Cerrado,4759816,1
4759843,GRANADA,STORE DESCOLGADO - Tenemos un store totalmente descolgado -,2026-04-10 00:00:00,Cerrado,4759843,1
4764599,VIGO,Cerradura puerta rack,2026-04-10 00:00:00,Cerrado,4764599,1
4784424,COSTA RICA,WC PLANTA BAJA - El tirador de la ventana del baño de chicos de la primera planta se está soltando. También el tirador de la puerta del mismo wc,2026-04-17 00:00:00,Cerrado,4784424,0
4789852,GIJÓN,Sale agua y hay oxido en caldera,2026-04-17 00:00:00,Cerrado,4789852,1
4800388,GIJON,Es necesario engrasar la puerta exterior porque suena mucho,2026-04-17 00:00:00,Cerrado,4800388,0
4794835,VALENCIA,REPARAR / SUSTITUIR MARCO DE PUERTA ROTA,2026-04-17 00:00:00,Abierto ,4794835,1
4794890,VALENCIA,Zocalo roto,2026-04-17 00:00:00,Cerrado,4794890,0
4829973,MALAGA,La luz incrustada en el espejo del baño de empleados parpadea,2026-04-24 00:00:00,Cerrado,4829973,0
4650393,MOSTOLES,SUMINISTRO DE SANITRIT EN BAÑOS DE MINUSVALIDOS PARA STOCK,2026-04-24 00:00:00,Cerrado,4650393,0
4840387,MOSTOLES,SUSTITUIR EMERGENCIA QUE FALTA,2026-04-24 00:00:00,Cerrado,4840387,0
4818776,PALMA DE MALLORCA,"Detector y bisagra pta entrada a Sala reuniones estropeada-No se cierra bien, parece que o bien la bisagra está desajustada y la pta descolgada o que el sistema de detección automático del techo suelto y frena el cierre de la pta que no queda ajustado",2026-04-24 00:00:00,Cerrado,4818776,1
4840892,TENERIFE,Solicitamos cambio de bombillas quemadas,2026-04-24 00:00:00,Cerrado,4840892,1
4689276,VIGO,SUMINISTRO Y SUSTITUCION EMERGENCIAS ING VIGO,2026-04-24 00:00:00,Abierto ,4689276,1
4861124,CORDOBA,Baño de clientes echa agua por la cisterna,2026-04-30 00:00:00,Cerrado,4861124,0
4861831,CORDOBA,Suministro y sustitución de termo,2026-04-30 00:00:00,Cerrado,4861831,0
4867549,CORDOBA,Cambiar la llave de paso que corta el agua de toda la oficina,2026-04-30 00:00:00,Cerrado,4867549,0
4862214,COSTA RICA,"SUJETAR LA LUMINARIA DE EMERGENCIA DE LA COCINA, ESTA DESCOLGADA -",2026-04-30 00:00:00,Cerrado,4862214,0
4860664,GIJON,"Se nos empañan los cristales frecuentemente, cuando nunca había ocurrido",2026-04-30 00:00:00,Cerrado,4860664,1
4861027,GIJON,No cierra la puerta exterior,2026-04-30 00:00:00,Cerrado,4861027,0
4855773,MERIDIANA,AVERIA AIRE ACONDICIONADO- LA CONSOLA DEL AIRE ESTA PARPADEANDO DE MANERA CONTINUA,2026-04-30 00:00:00,Cerrado,4855773,0
4873337,SEVILLA,La Tv ubicada en la oficina de Sevilla tiene red,2026-04-30 00:00:00,Cerrado,4873337,1
4873648,SEVILLA,VISITA CONJUNTA CON SECURITAS - PROBLEMAS CON LA PUERTA DE ENTRADA - POSIBLE PROBLEMA ELECTRICO A RAIZ DE LAS OBRAS - AJUSTAR MUELLE PUERTA QUE DA GOLPES.,2026-04-30 00:00:00,Cerrado,4873648,0
4872476,VALLADOLID,Foco vestuario - Uno de los focos de la iluminación de los vestuarios está constantemente parpadeando.,2026-04-30 00:00:00,Cerrado,4872476,1
4912798,ACACIAS,"POMO PUERTA VESTUARIO FEMENINO -Se ha roto el pomo de la puerta del vestuario femenino de la oficina de Acacias, necesitamos que acudan a arreglarlo",2026-05-08 00:00:00,Cerrado,4912798,1
4901601,COSTA RICA,RACK PLANTA ALTA - Uno de los dos interruptores de luz de la primera planta situado en el rack está estropeado y cuesta encenderlo y apagarlo.,2026-05-08 00:00:00,Cerrado,4901601,1
4895082,DIAGONAL,Es muy urgente! WC de los clientes VIP de la planta 2 embozado. No se va el agua.,2026-05-08 00:00:00,Cerrado,4895082,1
4913914,DIAGONAL,"Es urgente! WC de clientes VIP de Banca Privada planta 2 nuevamente atascado. No traga agua. Hace unos días abrí un service now, vino el chico de CBRE pero otra vez está atascado. Le pasa lo mismo que el otro día.",2026-05-08 00:00:00,Cerrado,4913914,1
4907018,GRANADA,Acompañar a  la empresa Applus.com - Instalación de dos analizadores de redes en el cuadro eléctrico,2026-05-08 00:00:00,Cerrado,4907018,1
4906969,O'DONNELL,POMO PUERTA BAÑO - El pomo de la puerta está roto,2026-05-08 00:00:00,Cerrado,4906969,1
4913445,SABADELL,"EL CUARTO DEL ""RAC"" TIENE LA BISAGRA DE ARRIBA ROTA. CON LO QUE LA PUERTA ESTA DESCOLGADA PARCIALMENTE Y TOCA EL SUELO CADA VEZ QUE LA ABRIMOS.",2026-05-08 00:00:00,Cerrado,4913445,1
4914112,SABADELL,"MANECILLAS ( POMOS) DE LOS CAJONES SUELTAS - TENEMOS CAJONES QUE NO PODEMOS ABRIR, PORQUE LAS MANECILLAS SE HAN SEPARADO DE LOS TORNILLOS.",2026-05-08 00:00:00,Cerrado,4914112,1
4900589,SANTANDER,"Quitar cerradura kiosko - Solicito técnico para quitar cerradura de kiosko, el CPU está bajo llave en un cajetín y no funciona la llave que tenemos para abrirla. Van a realizar unas gestiones y necesitan acceso a la CPU.",2026-05-08 00:00:00,Cerrado,4900589,1
4906996,VIGO,Foco interior planta 1 - foco interior descolgado,2026-05-08 00:00:00,Cerrado,4906996,1
4947280,GIJÓN,"Hola, no podemos abrir la puerta del baño de clientes porque el manillar se ha desatornillado por completo",2026-05-14 00:00:00,Cerrado,4947280,0
4947134,MERIDIANA,Estor enrollable se ha enganchado. Traer una escalera porque está a una altura considerable,2026-05-14 00:00:00,Cerrado,4947134,0
4993411,A CORUÑA,"Tenemos problemas eléctricos en oficina A Coruña, diferencial caído de Alumbrado permanente, no podemos subirlo ya que se desconecta todo.
Necesitamos visita de electricista para revisar cuadro eléctrico de la oficina. Tenemos continuas caídas de varios diferenciales: Fuerza 2, Seguridad y SAI",2026-05-22 00:00:00,Cerrado,4993411,1
4974267,COSTA RICA,PUERTA WC MUJERES PLANTA BAJA DESCOLGADA,2026-05-22 00:00:00,Cerrado,4974267,0
4993286,DIAGONAL,Fallo eléctrico,2026-05-22 00:00:00,Cerrado,4993286,0
4980228,GIJÓN,Debido a la subida de tensión en la oficina estamos sin aire y no podemos bajar los estores de la planta cero. Urge revisión por favor.,2026-05-22 00:00:00,Cerrado,4980228,1
4993144,GIJÓN,Necesitamos que nos revisen de forma urgente los estores de planta baja porque no bajan y estamos sin aire,2026-05-22 00:00:00,Cerrado,4993144,1
4993235,GIJÓN,Debido a la subida de tensión del viernes no funcionan varias luces de baños empleados y pasillo. Gracias -,2026-05-22 00:00:00,Cerrado,4993235,0
4979895,LAS PALMAS,Bombillo fundido en baño de las chicas - Uno de los halogenos del baño de chicas de la planta alta esta fundido.,2026-05-22 00:00:00,Cerrado,4979895,1
4979917,LAS PALMAS,"Inodoro atascado - En el baño de la primera planta de los hombres se sale el agua, hay que pulsar varias veces el dispensador",2026-05-22 00:00:00,Cerrado,4979917,1
5033833,ACACIAS,"Manillar vestuario de chicas - Está estropeado no abre la puerta, tenemos que abrirla girando la llave para entrar. Por favor revisad.",2026-05-29 00:00:00,Cerrado,5033833,1
5027823,BILBAO,Puerta de entrada caída,2026-05-29 00:00:00,Cerrado,5027823,0
5034302,VALENCIA,Uno de los tubos de iluminación de la planta baja parpadea.,2026-05-29 00:00:00,Cerrado,5034302,0
5027411,VALENCIA,Nuestra nevera se abre sola,2026-05-29 00:00:00,Cerrado,5027411,0
5027473,VALENCIA,Cristalera rota,2026-05-29 00:00:00,Abierto ,5027473,1
5095242,CORDOBA,Luz baño empleados fundida,2026-06-05 00:00:00,Cerrado,5095242,1
5067708,COSTA RICA,REGLETA DESCOLGADA ESCALERA ACCESO COCINA,2026-06-05 00:00:00,Cerrado,5067708,1
5067720,COSTA RICA,"PROGRAMACION APAGADO AUTOMATICO AC - SOLICITAMOS QUE PROGRAMEN EL AC PARA QUE SE APAGUE TODOS LOS DIAS A LAS 20:00 HS, VIERNES Y SABADOS 16:00 HS",2026-06-05 00:00:00,Cerrado,5067720,1
5074961,COSTA RICA,Recolocar los números de identificación de las mesas de gestor,2026-06-05 00:00:00,Cerrado,5074961,1
5095257,DIAGONAL,Mal olor wc planta -1,2026-06-05 00:00:00,Cerrado,5095257,1
5067756,GIJON,Es necesario recolocación de las balizas de escalera tras la colocación de PVC,2026-06-05 00:00:00,Cerrado,5067756,1
5067803,GIJON,"CANALIZACION ZONA CAJERO, TAPAR OQUEDADES",2026-06-05 00:00:00,Cerrado,5067803,1
5082293,MERIDIANA,Tenemos dos termostatos averiados que hacen que no funcione el aire en la zona de atención de clientes. URGE REPARAR.,2026-06-05 00:00:00,Cerrado,5082293,1
5073734,O'DONNELL,Gotera en zona de Office de O´Donnell,2026-06-05 00:00:00,Cerrado,5073734,1
5087763,O'DONNELL,PONER PLACA REGISTRO ZONA OFFICE O'DONNELL,2026-06-05 00:00:00,Cerrado,5087763,1
5081079,PALMA DE MALLORCA,La cisterna del baño de clientes pierde agua y no carga,2026-06-05 00:00:00,Cerrado,5081079,1
5081140,PALMA DE MALLORCA,TOMA DE ENCHUFE NO FUNCIONA - Tenemos una toma de enchufe en la que hay que cargar un portatil y ipad que no da corriente,2026-06-05 00:00:00,Cerrado,5081140,1
5067881,SABADELL,DESAGÜE COCINA NO FUNCIONA CORRECTAMENTE. SE EMBOZA CONTINUAMENTE,2026-06-05 00:00:00,Cerrado,5067881,1
5020601,SALAMANCA,SUMINISTRO Y SUSTITUCION DE EMERGENCIAS - CORRECTIVO OCA,2026-06-05 00:00:00,Cerrado,5020601,1
4866900,TENERIFE,Correctivo fontanería ING TENERIFE,2026-06-05 00:00:00,Cerrado,4866900,1
5020649,VALLADOLID,SUMINISTRO Y SUSTITUCION DE EMERGENCIAS,2026-06-05 00:00:00,Cerrado,5020649,1
5115086,GRANADA,PUERTA DE ENTRADA A LA OFICINA DESCOLGADA - La puerta de entrada a la oficina esta descolgada y pega mucho portazo cuando se suelta.,2026-06-12 00:00:00,Cerrado,5115086,1
5114648,MAJADAHONDA,Es necesario fijar la tapa del Kioskos 4,2026-06-12 00:00:00,Cerrado,5114648,1
4615115,MOSTOLES,CAMBIO FILTRINA Y LIMPIEZA CON ASPIRADO DE FILTROS RECUPERADOR,2026-06-12 00:00:00,Cerrado,4615115,1
